Workbook

Sheet Data
A1: Period | B1: Trade Flow | C1: Reporter | D1: Partner | E1: Commodity Code | F1: Trade Value (US) | G1: Net Weight(kg) | H1: Export Prices (Country) | I1: Export Prices (World) | J1: Export Share | K1: GPR_importer | L1: Producer Prices | M1: GPR_exporter | N1: GPR_importer_std | O1: GPR_world | P1: Import Share | Q1: Pol Stab_importer | R1: Pol Stab_exporter | W1: Source: Period, Trade Flow, Reporter, Partner, Commodity Code, Net Weight: UN comtrade: https://comtradeplus.un.org/
A2: 202506 | B2: X | C2: India | D2: Mauritius | E2: 80450 | F2: 10906 | G2: 4886 | H2: =F2/G2 -> 2.2320917 | I2: 1.4290057 | J2: 0.0007729132 | K2: 220.12001 | M2: 0.46758103 | N2: =(K2-$S$2)/$S$3 -> 2.9757509 | O2: =VLOOKUP(A2,$T$5:$U$158,2,FALSE) -> 220.12001 | P2: 0.7498 | S2: =AVERAGE(K2:K89) -> 110.18764 | W2: Source: Producer Prices: https://www.fao.org/faostat/en/#data/PP
A3: 202505 | B3: X | C3: India | D3: Mauritius | E3: 80450 | F3: 38296 | G3: 11698 | H3: =F3/G3 -> 3.273722 | I3: 1.5528386 | J3: 0.001347516 | K3: 165.22462 | M3: 0.76241863 | N3: =(K3-$S$2)/$S$3 -> 1.4897919 | O3: =VLOOKUP(A3,$T$5:$U$158,2,FALSE) -> 165.22462 | P3: 0.823 | S3: =_xlfn.STDEV.S(K2:K89) -> 36.942735 | W3: Source: GPR_importer, exporter, world: https://www.matteoiacoviello.com/gpr.htm
A4: 202504 | B4: X | C4: India | D4: Mauritius | E4: 80450 | F4: 38615 | G4: 44254 | H4: =F4/G4 -> 0.87257649 | I4: 1.6721507 | J4: 0.0012407355 | K4: 140.5289 | M4: 0.42514426 | N4: =(K4-$S$2)/$S$3 -> 0.82130531 | O4: =VLOOKUP(A4,$T$5:$U$158,2,FALSE) -> 140.5289 | P4: 0.8534
A5: 202503 | B5: X | C5: India | D5: Mauritius | E5: 80450 | F5: 36406 | G5: 42254 | H5: =F5/G5 -> 0.8615989 | I5: 1.5056713 | J5: 0.0023445984 | K5: 171.87291 | M5: 0.24915466 | N5: =(K5-$S$2)/$S$3 -> 1.6697539 | O5: =VLOOKUP(A5,$T$5:$U$158,2,FALSE) -> 171.87291 | P5: 0.9337 | T5: 201301 | U5: 90.657494
A6: 202412 | B6: X | C6: India | D6: Mauritius | E6: 80450 | F6: 59559 | G6: 49700 | H6: =F6/G6 -> 1.1983702 | I6: 1.2264705 | J6: 0.0055486197 | K6: 141.90271 | L6: 833.3 | M6: 0.19472842 | N6: =(K6-$S$2)/$S$3 -> 0.85849286 | O6: =VLOOKUP(A6,$T$5:$U$158,2,FALSE) -> 141.90271 | P6: 0.9072 | T6: 201302 | U6: 81.590332
A7: 202411 | B7: X | C7: India | D7: Mauritius | E7: 80450 | F7: 21515 | G7: 20806 | H7: =F7/G7 -> 1.0340767 | I7: 1.1506152 | J7: 0.0022369108 | K7: 128.48177 | L7: 833.3 | M7: 0.18260814 | N7: =(K7-$S$2)/$S$3 -> 0.49520237 | O7: =VLOOKUP(A7,$T$5:$U$158,2,FALSE) -> 128.48177 | P7: 0.8296 | T7: 201303 | U7: 75.896721
A8: 202410 | B8: X | C8: India | D8: Mauritius | E8: 80450 | F8: 19406 | G8: 7668 | H8: =F8/G8 -> 2.5307773 | I8: 1.3245168 | J8: 0.0017317842 | K8: 130.68921 | L8: 833.3 | M8: 0.2658588 | N8: =(K8-$S$2)/$S$3 -> 0.55495548 | O8: =VLOOKUP(A8,$T$5:$U$158,2,FALSE) -> 130.68921 | P8: 1 | T8: 201304 | U8: 95.107872
A9: 202409 | B9: X | C9: India | D9: Mauritius | E9: 80450 | F9: 3175 | G9: 1224 | H9: =F9/G9 -> 2.5939542 | I9: 1.4878749 | J9: 0.00042198389 | K9: 130.14188 | L9: 833.3 | M9: 0.1691497 | N9: =(K9-$S$2)/$S$3 -> 0.54013977 | O9: =VLOOKUP(A9,$T$5:$U$158,2,FALSE) -> 130.14188 | P9: 0.158 | T9: 201305 | U9: 83.717316
A10: 202408 | B10: X | C10: India | D10: Mauritius | E10: 80450 | F10: 16263 | G10: 6242 | H10: =F10/G10 -> 2.6054149 | I10: 1.2541433 | J10: 0.0016740648 | K10: 140.76402 | L10: 833.3 | M10: 0.22787695 | N10: =(K10-$S$2)/$S$3 -> 0.82766983 | O10: =VLOOKUP(A10,$T$5:$U$158,2,FALSE) -> 140.76402 | P10: 0.1081 | T10: 201306 | U10: 82.973007
A11: 202407 | B11: X | C11: India | D11: Mauritius | E11: 80450 | F11: 4249 | G11: 1323 | H11: =F11/G11 -> 3.2116402 | I11: 0.97456242 | J11: 0.00046806614 | K11: 92.394875 | L11: 833.3 | M11: 0.16011824 | N11: =(K11-$S$2)/$S$3 -> -0.48163087 | O11: =VLOOKUP(A11,$T$5:$U$158,2,FALSE) -> 92.394875 | P11: 0.0041 | T11: 201307 | U11: 73.975815
A12: 202406 | B12: X | C12: India | D12: Mauritius | E12: 80450 | F12: 6520 | G12: 2009 | H12: =F12/G12 -> 3.2453957 | I12: 1.6192706 | J12: 0.000453261 | K12: 112.88141 | L12: 833.3 | M12: 0.19021051 | N12: =(K12-$S$2)/$S$3 -> 0.072917522 | O12: =VLOOKUP(A12,$T$5:$U$158,2,FALSE) -> 112.88141 | P12: 0.4913 | T12: 201308 | U12: 90.956749
A13: 202405 | B13: X | C13: India | D13: Mauritius | E13: 80450 | F13: 16333 | G13: 5636 | H13: =F13/G13 -> 2.8979773 | I13: 1.7477125 | J13: 0.000558885 | K13: 130.52187 | L13: 833.3 | M13: 0.13457304 | N13: =(K13-$S$2)/$S$3 -> 0.55042568 | O13: =VLOOKUP(A13,$T$5:$U$158,2,FALSE) -> 130.52187 | P13: 0.6762 | T13: 201309 | U13: 100.45933
A14: 202311 | B14: X | C14: India | D14: Mauritius | E14: 80450 | F14: 6290 | G14: 2550 | H14: =F14/G14 -> 2.4666667 | I14: 1.2431354 | J14: 0.0014863876 | K14: 156.69614 | L14: 825.6 | M14: 0.25032857 | N14: =(K14-$S$2)/$S$3 -> 1.258935 | O14: =VLOOKUP(A14,$T$5:$U$158,2,FALSE) -> 156.69614 | P14: 0.771 | Q14: 0.78 | R14: -0.64 | T14: 201310 | U14: 72.953117
A15: 202310 | B15: X | C15: India | D15: Mauritius | E15: 80450 | F15: 3177 | G15: 1224 | H15: =F15/G15 -> 2.5955882 | I15: 1.2663608 | J15: 0.00041250585 | K15: 197.88701 | L15: 825.6 | M15: 0.22093509 | N15: =(K15-$S$2)/$S$3 -> 2.3739275 | O15: =VLOOKUP(A15,$T$5:$U$158,2,FALSE) -> 197.88701 | P15: 0.4067 | Q15: 0.78 | R15: -0.64 | T15: 201311 | U15: 77.779022
A16: 202309 | B16: X | C16: India | D16: Mauritius | E16: 80450 | F16: 2504 | G16: 1071 | H16: =F16/G16 -> 2.3380019 | I16: 1.1297711 | J16: 0.00028526419 | K16: 98.634811 | L16: 825.6 | M16: 0.45979792 | N16: =(K16-$S$2)/$S$3 -> -0.31272251 | O16: =VLOOKUP(A16,$T$5:$U$158,2,FALSE) -> 98.634811 | P16: 0.078 | Q16: 0.78 | R16: -0.64 | T16: 201312 | U16: 70.37249
A17: 202307 | B17: X | C17: India | D17: Mauritius | E17: 80450 | F17: 4317 | G17: 1134 | H17: =F17/G17 -> 3.8068783 | I17: 1.0581756 | J17: 0.00028265037 | K17: 107.44878 | L17: 825.6 | M17: 0.21112767 | N17: =(K17-$S$2)/$S$3 -> -0.074137775 | O17: =VLOOKUP(A17,$T$5:$U$158,2,FALSE) -> 107.44878 | P17: 0.0957 | Q17: 0.78 | R17: -0.64 | T17: 201401 | U17: 77.91597
A18: 202306 | B18: X | C18: India | D18: Mauritius | E18: 80450 | F18: 12727 | G18: 3355 | H18: =F18/G18 -> 3.7934426 | I18: 1.545201 | J18: 0.00071689038 | K18: 110.52895 | L18: 825.6 | M18: 0.26301304 | N18: =(K18-$S$2)/$S$3 -> 0.0092388909 | O18: =VLOOKUP(A18,$T$5:$U$158,2,FALSE) -> 110.52895 | P18: 0.612 | Q18: 0.78 | R18: -0.64 | T18: 201402 | U18: 69.003525
A19: 202305 | B19: X | C19: India | D19: Mauritius | E19: 80450 | F19: 25971 | G19: 6124 | H19: =F19/G19 -> 4.2408556 | I19: 1.6160682 | J19: 0.00097985463 | K19: 108.46768 | L19: 825.6 | M19: 0.31503695 | N19: =(K19-$S$2)/$S$3 -> -0.046557304 | O19: =VLOOKUP(A19,$T$5:$U$158,2,FALSE) -> 108.46768 | P19: 1 | Q19: 0.78 | R19: -0.64 | T19: 201403 | U19: 119.83855
A20: 202304 | B20: X | C20: India | D20: Mauritius | E20: 80450 | F20: 421 | G20: 148 | H20: =F20/G20 -> 2.8445946 | I20: 1.7850799 | J20: 2.2257445e-05 | K20: 106.80965 | L20: 825.6 | M20: 0.2464332 | N20: =(K20-$S$2)/$S$3 -> -0.091438326 | O20: =VLOOKUP(A20,$T$5:$U$158,2,FALSE) -> 106.80965 | P20: 0.1039 | Q20: 0.78 | R20: -0.64 | T20: 201404 | U20: 93.221542
A21: 202303 | B21: X | C21: India | D21: Mauritius | E21: 80450 | F21: 3986 | G21: 1530 | H21: =F21/G21 -> 2.6052288 | I21: 1.6928368 | J21: 0.00024389459 | K21: 105.37997 | L21: 825.6 | M21: 0.30663994 | N21: =(K21-$S$2)/$S$3 -> -0.13013822 | O21: =VLOOKUP(A21,$T$5:$U$158,2,FALSE) -> 105.37997 | P21: 0.7509 | Q21: 0.78 | R21: -0.64 | T21: 201405 | U21: 83.428856
A22: 202302 | B22: X | C22: India | D22: Mauritius | E22: 80450 | F22: 17032 | G22: 5584 | H22: =F22/G22 -> 3.0501433 | I22: 1.3625965 | J22: 0.0017104202 | K22: 120.99438 | L22: 825.6 | M22: 0.29352903 | N22: =(K22-$S$2)/$S$3 -> 0.29252683 | O22: =VLOOKUP(A22,$T$5:$U$158,2,FALSE) -> 120.99438 | P22: 0.8874 | Q22: 0.78 | R22: -0.64 | T22: 201406 | U22: 98.767105
A23: 202211 | B23: X | C23: India | D23: Mauritius | E23: 80450 | F23: 4549 | G23: 1841 | H23: =F23/G23 -> 2.4709397 | I23: 1.3706627 | J23: 0.00028359255 | K23: 116.71629 | L23: 843.6 | M23: 0.29648212 | N23: =(K23-$S$2)/$S$3 -> 0.17672351 | O23: =VLOOKUP(A23,$T$5:$U$158,2,FALSE) -> 116.71629 | P23: 0.9092 | Q23: 0.83 | R23: -0.62 | T23: 201407 | U23: 138.75395
A24: 202210 | B24: X | C24: India | D24: Mauritius | E24: 80450 | F24: 23 | G24: 9 | H24: =F24/G24 -> 2.5555556 | I24: 1.3232739 | J24: 1.3518735e-06 | K24: 143.16241 | L24: 843.6 | M24: 0.30671361 | N24: =(K24-$S$2)/$S$3 -> 0.89259171 | O24: =VLOOKUP(A24,$T$5:$U$158,2,FALSE) -> 143.16241 | P24: 0.0015 | Q24: 0.83 | R24: -0.62 | T24: 201408 | U24: 136.44559
A25: 202209 | B25: X | C25: India | D25: Mauritius | E25: 80450 | F25: 39448 | G25: 22780 | H25: =F25/G25 -> 1.7316945 | I25: 1.3487115 | J25: 0.0015017903 | K25: 131.98587 | L25: 843.6 | M25: 0.50662738 | N25: =(K25-$S$2)/$S$3 -> 0.5900547 | O25: =VLOOKUP(A25,$T$5:$U$158,2,FALSE) -> 131.98587 | P25: 0.8456 | Q25: 0.83 | R25: -0.62 | T25: 201409 | U25: 131.55666
... A89: 201302 | B89: X | C89: India | D89: Mauritius | E89: 80450 | F89: 860 | G89: 1000 | H89: =F89/G89 -> 0.86 | I89: 0.86039048 | J89: 8.5896177e-05 | K89: 81.590332 | L89: 713.7 | M89: 0.11446615 | N89: =(K89-$S$2)/$S$3 -> -0.77409819 | O89: =VLOOKUP(A89,$T$5:$U$158,2,FALSE) -> 81.590332 | P89: 0.3549 | Q89: 0.94 | R89: -1.23 | T89: 202001 | U89: 138.42094
A90: 202506 | B90: X | C90: India | D90: South Africa | E90: 80450 | F90: 12656 | G90: 5150 | H90: =F90/G90 -> 2.4574757 | I90: 1.4290057 | J90: 0.0008969365 | K90: 0.049875312 | M90: 0.46758103 | N90: =(K90-$S$90)/$S$91 -> -0.19286518 | O90: =VLOOKUP(A90,$T$5:$U$158,2,FALSE) -> 220.12001 | P90: 0.116 | Q90: 0.94 | R90: -1.23 | S90: =AVERAGE(K90:K233) -> 0.058129436 | T90: 202002 | U90: 75.955559
A91: 202505 | B91: X | C91: India | D91: South Africa | E91: 80450 | F91: 11332 | G91: 5132 | H91: =F91/G91 -> 2.208106 | I91: 1.5528386 | J91: 0.00039873751 | K91: 0.093836136 | M91: 0.76241863 | N91: =(K91-$S$90)/$S$91 -> 0.83431979 | O91: =VLOOKUP(A91,$T$5:$U$158,2,FALSE) -> 165.22462 | P91: 0.2263 | S91: =_xlfn.STDEV.S(K90:K233) -> 0.042797379 | T91: 202003 | U91: 81.540031
A92: 202504 | B92: X | C92: India | D92: South Africa | E92: 80450 | F92: 2139 | G92: 781 | H92: =F92/G92 -> 2.7387964 | I92: 1.6721507 | J92: 6.8728039e-05 | K92: 0.1153963 | M92: 0.42514426 | N92: =(K92-$S$90)/$S$91 -> 1.3380927 | O92: =VLOOKUP(A92,$T$5:$U$158,2,FALSE) -> 140.5289 | P92: 0.9912 | T92: 202004 | U92: 69.339401
A93: 202503 | B93: X | C93: India | D93: South Africa | E93: 80450 | F93: 16427 | G93: 8776 | H93: =F93/G93 -> 1.8718095 | I93: 1.5056713 | J93: 0.0010579223 | K93: 0.083051555 | M93: 0.24915466 | N93: =(K93-$S$90)/$S$91 -> 0.58232816 | O93: =VLOOKUP(A93,$T$5:$U$158,2,FALSE) -> 171.87291 | P93: 1 | T93: 202005 | U93: 68.507217
A94: 202502 | B94: X | C94: India | D94: South Africa | E94: 80450 | F94: 101958 | G94: 134550 | H94: =F94/G94 -> 0.75777035 | I94: 1.3750398 | J94: 0.010646738 | K94: 0.074153967 | M94: 0.20897937 | N94: =(K94-$S$90)/$S$91 -> 0.37442787 | O94: =VLOOKUP(A94,$T$5:$U$158,2,FALSE) -> 136.20163 | P94: 0.9401 | T94: 202006 | U94: 71.227859
A95: 202501 | B95: X | C95: India | D95: South Africa | E95: 80450 | F95: 18862 | G95: 8792 | H95: =F95/G95 -> 2.1453594 | I95: 1.2166639 | J95: 0.0025808563 | K95: 0.081560954 | M95: 0.23840894 | N95: =(K95-$S$90)/$S$91 -> 0.54749891 | O95: =VLOOKUP(A95,$T$5:$U$158,2,FALSE) -> 112.32622 | P95: 0.2723 | T95: 202007 | U95: 66.473282
A96: 202412 | B96: X | C96: India | D96: South Africa | E96: 80450 | F96: 8426 | G96: 5062 | H96: =F96/G96 -> 1.6645595 | I96: 1.2264705 | J96: 0.00078498076 | K96: 0.1043188 | L96: 833.3 | M96: 0.19472842 | N96: =(K96-$S$90)/$S$91 -> 1.0792568 | O96: =VLOOKUP(A96,$T$5:$U$158,2,FALSE) -> 141.90271 | P96: 0.635 | T96: 202008 | U96: 65.466049
A97: 202411 | B97: X | C97: India | D97: South Africa | E97: 80450 | F97: 11405 | G97: 4705 | H97: =F97/G97 -> 2.424017 | I97: 1.1506152 | J97: 0.0011857759 | K97: 0.094452493 | L97: 833.3 | M97: 0.18260814 | N97: =(K97-$S$90)/$S$91 -> 0.84872153 | O97: =VLOOKUP(A97,$T$5:$U$158,2,FALSE) -> 128.48177 | P97: 0.1572 | T97: 202009 | U97: 80.37738
A98: 202410 | B98: X | C98: India | D98: South Africa | E98: 80450 | F98: 4962 | G98: 2301 | H98: =F98/G98 -> 2.1564537 | I98: 1.3245168 | J98: 0.00044280704 | K98: 0.15456906 | L98: 833.3 | M98: 0.2658588 | N98: =(K98-$S$90)/$S$91 -> 2.2534002 | O98: =VLOOKUP(A98,$T$5:$U$158,2,FALSE) -> 130.68921 | P98: 0.0366 | T98: 202010 | U98: 76.083168
A99: 202409 | B99: X | C99: India | D99: South Africa | E99: 80450 | F99: 7498 | G99: 2914 | H99: =F99/G99 -> 2.5730954 | I99: 1.4878749 | J99: 0.00099654651 | K99: 0.071563333 | L99: 833.3 | M99: 0.1691497 | N99: =(K99-$S$90)/$S$91 -> 0.31389533 | O99: =VLOOKUP(A99,$T$5:$U$158,2,FALSE) -> 130.14188 | P99: 0.1644 | T99: 202011 | U99: 70.067467
A100: 202408 | B100: X | C100: India | D100: South Africa | E100: 80450 | F100: 3560 | G100: 1751 | H100: =F100/G100 -> 2.0331239 | I100: 1.2541433 | J100: 0.00036645579 | K100: 0.069629066 | L100: 833.3 | M100: 0.22787695 | N100: =(K100-$S$90)/$S$91 -> 0.26869939 | O100: =VLOOKUP(A100,$T$5:$U$158,2,FALSE) -> 140.76402 | P100: 0.1446 | T100: 202012 | U100: 64.067291
A101: 202407 | B101: X | C101: India | D101: South Africa | E101: 80450 | F101: 12171 | G101: 6161 | H101: =F101/G101 -> 1.975491 | I101: 0.97456242 | J101: 0.0013407467 | K101: 0.055425543 | L101: 833.3 | M101: 0.16011824 | N101: =(K101-$S$90)/$S$91 -> -0.063178926 | O101: =VLOOKUP(A101,$T$5:$U$158,2,FALSE) -> 92.394875 | P101: 0.9206 | T101: 202101 | U101: 77.418701
A102: 202406 | B102: X | C102: India | D102: South Africa | E102: 80450 | F102: 2545 | G102: 2822 | H102: =F102/G102 -> 0.90184266 | I102: 1.6192706 | J102: 0.00017692473 | K102: 0.1141263 | L102: 833.3 | M102: 0.19021051 | N102: =(K102-$S$90)/$S$91 -> 1.3084181 | O102: =VLOOKUP(A102,$T$5:$U$158,2,FALSE) -> 112.88141 | P102: 1 | T102: 202102 | U102: 73.956802
A103: 202405 | B103: X | C103: India | D103: South Africa | E103: 80450 | F103: 28232 | G103: 11698 | H103: =F103/G103 -> 2.413404 | I103: 1.7477125 | J103: 0.00096604674 | K103: 0.18350868 | L103: 833.3 | M103: 0.13457304 | N103: =(K103-$S$90)/$S$91 -> 2.929601 | O103: =VLOOKUP(A103,$T$5:$U$158,2,FALSE) -> 130.52187 | P103: 0.7973 | T103: 202103 | U103: 78.618767
A104: 202404 | B104: X | C104: India | D104: South Africa | E104: 80450 | F104: 16244 | G104: 8060 | H104: =F104/G104 -> 2.0153846 | I104: 1.8074611 | J104: 0.00076903189 | K104: 0.1392317 | L104: 833.3 | M104: 0.24681982 | N104: =(K104-$S$90)/$S$91 -> 1.8950287 | O104: =VLOOKUP(A104,$T$5:$U$158,2,FALSE) -> 163.73634 | P104: 0.7705 | T104: 202104 | U104: 88.166222
A105: 202403 | B105: X | C105: India | D105: South Africa | E105: 80450 | F105: 25834 | G105: 10030 | H105: =F105/G105 -> 2.575673 | I105: 1.7848655 | J105: 0.0013625751 | K105: 0.11679371 | L105: 833.3 | M105: 0.23973444 | N105: =(K105-$S$90)/$S$91 -> 1.3707445 | O105: =VLOOKUP(A105,$T$5:$U$158,2,FALSE) -> 133.21317 | P105: 0.7329 | T105: 202105 | U105: 93.007133
A106: 202402 | B106: X | C106: India | D106: South Africa | E106: 80450 | F106: 9200 | G106: 4881 | H106: =F106/G106 -> 1.8848597 | I106: 1.3907869 | J106: 0.0010542323 | K106: 0.12432114 | L106: 833.3 | M106: 0.21592619 | N106: =(K106-$S$90)/$S$91 -> 1.5466299 | O106: =VLOOKUP(A106,$T$5:$U$158,2,FALSE) -> 146.59818 | P106: 0.6707 | T106: 202106 | U106: 74.127121
A107: 202401 | B107: X | C107: India | D107: South Africa | E107: 80450 | F107: 2050 | G107: 1077 | H107: =F107/G107 -> 1.9034355 | I107: 1.2305022 | J107: 0.00030752448 | K107: 0.31942877 | L107: 833.3 | M107: 0.27558562 | N107: =(K107-$S$90)/$S$91 -> 6.1054985 | O107: =VLOOKUP(A107,$T$5:$U$158,2,FALSE) -> 160.16484 | P107: 0.1129 | T107: 202107 | U107: 58.420769
A108: 202312 | B108: X | C108: India | D108: South Africa | E108: 80450 | F108: 5993 | G108: 2467 | H108: =F108/G108 -> 2.4292663 | I108: 1.23 | J108: 0.00097914293 | K108: 0.11585994 | L108: 825.6 | M108: 0.22528322 | N108: =(K108-$S$90)/$S$91 -> 1.3489262 | O108: =VLOOKUP(A108,$T$5:$U$158,2,FALSE) -> 142.27946 | P108: 0.0093 | Q108: -0.67 | R108: -0.64 | T108: 202108 | U108: 89.486549
A109: 202311 | B109: X | C109: India | D109: South Africa | E109: 80450 | F109: 6050 | G109: 2918 | H109: =F109/G109 -> 2.0733379 | I109: 1.2431354 | J109: 0.0014296733 | K109: 0.056323927 | L109: 825.6 | M109: 0.25032857 | N109: =(K109-$S$90)/$S$91 -> -0.04218737 | O109: =VLOOKUP(A109,$T$5:$U$158,2,FALSE) -> 156.69614 | P109: 0.0078 | Q109: -0.67 | R109: -0.64 | T109: 202109 | U109: 80.696968
A110: 202310 | B110: X | C110: India | D110: South Africa | E110: 80450 | F110: 16565 | G110: 5661 | H110: =F110/G110 -> 2.9261615 | I110: 1.2663608 | J110: 0.0021508213 | K110: 0.06568341 | L110: 825.6 | M110: 0.22093509 | N110: =(K110-$S$90)/$S$91 -> 0.17650552 | O110: =VLOOKUP(A110,$T$5:$U$158,2,FALSE) -> 197.88701 | P110: 0.0787 | Q110: -0.67 | R110: -0.64 | T110: 202110 | U110: 79.029236
A111: 202309 | B111: X | C111: India | D111: South Africa | E111: 80450 | F111: 9181 | G111: 4381 | H111: =F111/G111 -> 2.0956403 | I111: 1.1297711 | J111: 0.0010459307 | K111: 0.11494948 | L111: 825.6 | M111: 0.45979792 | N111: =(K111-$S$90)/$S$91 -> 1.3276524 | O111: =VLOOKUP(A111,$T$5:$U$158,2,FALSE) -> 98.634811 | P111: 0.1145 | Q111: -0.67 | R111: -0.64 | T111: 202111 | U111: 86.569145
A112: 202308 | B112: X | C112: India | D112: South Africa | E112: 80450 | F112: 12766 | G112: 5369 | H112: =F112/G112 -> 2.377724 | I112: 1.1072361 | J112: 0.0010280775 | K112: 0.13347894 | L112: 825.6 | M112: 0.3154957 | N112: =(K112-$S$90)/$S$91 -> 1.7606102 | O112: =VLOOKUP(A112,$T$5:$U$158,2,FALSE) -> 101.14118 | P112: 0.0711 | Q112: -0.67 | R112: -0.64 | T112: 202112 | U112: 105.34542
A113: 202307 | B113: X | C113: India | D113: South Africa | E113: 80450 | F113: 1334 | G113: 615 | H113: =F113/G113 -> 2.1691057 | I113: 1.0581756 | J113: 8.7342043e-05 | K113: 0.11177348 | L113: 825.6 | M113: 0.21112767 | N113: =(K113-$S$90)/$S$91 -> 1.2534422 | O113: =VLOOKUP(A113,$T$5:$U$158,2,FALSE) -> 107.44878 | P113: 0.0591 | Q113: -0.67 | R113: -0.64 | T113: 202201 | U113: 138.67499
A114: 202306 | B114: X | C114: India | D114: South Africa | E114: 80450 | F114: 9773 | G114: 5276 | H114: =F114/G114 -> 1.8523503 | I114: 1.545201 | J114: 0.00055049655 | K114: 0.12233164 | L114: 825.6 | M114: 0.26301304 | N114: =(K114-$S$90)/$S$91 -> 1.5001434 | O114: =VLOOKUP(A114,$T$5:$U$158,2,FALSE) -> 110.52895 | P114: 0.3673 | Q114: -0.67 | R114: -0.64 | T114: 202202 | U114: 216.15901
A115: 202305 | B115: X | C115: India | D115: South Africa | E115: 80450 | F115: 10149 | G115: 5613 | H115: =F115/G115 -> 1.808124 | I115: 1.6160682 | J115: 0.00038290958 | K115: 0.18175209 | L115: 825.6 | M115: 0.31503695 | N115: =(K115-$S$90)/$S$91 -> 2.8885565 | O115: =VLOOKUP(A115,$T$5:$U$158,2,FALSE) -> 108.46768 | P115: 0.2706 | Q115: -0.67 | R115: -0.64 | T115: 202203 | U115: 318.95493
A116: 202304 | B116: X | C116: India | D116: South Africa | E116: 80450 | F116: 242 | G116: 146 | H116: =F116/G116 -> 1.6575342 | I116: 1.7850799 | J116: 1.2794066e-05 | K116: 0.051880676 | L116: 825.6 | M116: 0.2464332 | N116: =(K116-$S$90)/$S$91 -> -0.14600799 | O116: =VLOOKUP(A116,$T$5:$U$158,2,FALSE) -> 106.80965 | P116: 0.0091 | Q116: -0.67 | R116: -0.64 | T116: 202204 | U116: 191.1431
A117: 202303 | B117: X | C117: India | D117: South Africa | E117: 80450 | F117: 4390 | G117: 2264 | H117: =F117/G117 -> 1.9390459 | I117: 1.6928368 | J117: 0.00026861446 | K117: 0.06486614 | L117: 825.6 | M117: 0.30663994 | N117: =(K117-$S$90)/$S$91 -> 0.15740928 | O117: =VLOOKUP(A117,$T$5:$U$158,2,FALSE) -> 105.37997 | P117: 0.0982 | Q117: -0.67 | R117: -0.64 | T117: 202205 | U117: 142.25848
A118: 202302 | B118: X | C118: India | D118: South Africa | E118: 80450 | F118: 2310 | G118: 1030 | H118: =F118/G118 -> 2.2427184 | I118: 1.3625965 | J118: 0.00023197925 | K118: 0.093395598 | L118: 825.6 | M118: 0.29352903 | N118: =(K118-$S$90)/$S$91 -> 0.82402621 | O118: =VLOOKUP(A118,$T$5:$U$158,2,FALSE) -> 120.99438 | P118: 0.0353 | Q118: -0.67 | R118: -0.64 | T118: 202206 | U118: 130.70732
A119: 202301 | B119: X | C119: India | D119: South Africa | E119: 80450 | F119: 9983 | G119: 3985 | H119: =F119/G119 -> 2.5051443 | I119: 1.2950243 | J119: 0.00094743335 | K119: 0.037907507 | L119: 825.6 | M119: 0.19585544 | N119: =(K119-$S$90)/$S$91 -> -0.4725039 | O119: =VLOOKUP(A119,$T$5:$U$158,2,FALSE) -> 104.26704 | P119: 0.042 | Q119: -0.67 | R119: -0.64 | T119: 202207 | U119: 117.17677
... A158: 201907 | B158: X | C158: India | D158: South Africa | E158: 80450 | F158: 551 | G158: 20 | H158: =F158/G158 -> 27.55 | I158: 0.80024869 | J158: 4.3851425e-05 | K158: 0.026546324 | L158: 802.4 | M158: 0.1725511 | N158: =(K158-$S$90)/$S$91 -> -0.73796837 | O158: =VLOOKUP(A158,$T$5:$U$158,2,FALSE) -> 93.521255 | P158: 0.008 | Q158: -0.28 | R158: -0.8 | T158: 202510 | U158: 151.41043
A159: 201906 | B159: X | C159: India | D159: South Africa | E159: 80450 | F159: 2608 | G159: 2000 | H159: =F159/G159 -> 1.304 | I159: 1.1154855 | J159: 0.0001581814 | K159: 0.051773231 | L159: 802.4 | M159: 0.20709293 | N159: =(K159-$S$90)/$S$91 -> -0.14851854 | O159: =VLOOKUP(A159,$T$5:$U$158,2,FALSE) -> 106.58846 | P159: 0.0304 | Q159: -0.28 | R159: -0.8
A160: 201905 | B160: X | C160: India | D160: South Africa | E160: 80450 | F160: 2279 | G160: 1410 | H160: =F160/G160 -> 1.6163121 | I160: 1.2825429 | J160: 7.8607726e-05 | K160: 0.021490587 | L160: 802.4 | M160: 0.26218516 | N160: =(K160-$S$90)/$S$91 -> -0.85610029 | O160: =VLOOKUP(A160,$T$5:$U$158,2,FALSE) -> 106.4719 | P160: 0.0709 | Q160: -0.28 | R160: -0.8
A161: 201904 | B161: X | C161: India | D161: South Africa | E161: 80450 | F161: 20934 | G161: 38479 | H161: =F161/G161 -> 0.54403701 | I161: 1.3223455 | J161: 0.0010835244 | K161: 0.031336736 | L161: 802.4 | M161: 0.35365745 | N161: =(K161-$S$90)/$S$91 -> -0.62603599 | O161: =VLOOKUP(A161,$T$5:$U$158,2,FALSE) -> 79.253448 | P161: 0.106 | Q161: -0.28 | R161: -0.8
A162: 201903 | B162: X | C162: India | D162: South Africa | E162: 80450 | F162: 3151 | G162: 2162 | H162: =F162/G162 -> 1.4574468 | I162: 1.1582069 | J162: 0.00023725432 | K162: 0.020855928 | L162: 802.4 | M162: 0.30866772 | N162: =(K162-$S$90)/$S$91 -> -0.87092968 | O162: =VLOOKUP(A162,$T$5:$U$158,2,FALSE) -> 82.328293 | P162: 0.0716 | Q162: -0.28 | R162: -0.8
A163: 201902 | B163: X | C163: India | D163: South Africa | E163: 80450 | F163: 3174 | G163: 2884 | H163: =F163/G163 -> 1.1005548 | I163: 0.96792294 | J163: 0.00041482138 | K163: 0.014162969 | L163: 802.4 | M163: 0.36351618 | N163: =(K163-$S$90)/$S$91 -> -1.0273168 | O163: =VLOOKUP(A163,$T$5:$U$158,2,FALSE) -> 96.800163 | P163: 0.0651 | Q163: -0.28 | R163: -0.8
A164: 201901 | B164: X | C164: India | D164: South Africa | E164: 80450 | F164: 186 | G164: 150 | H164: =F164/G164 -> 1.24 | I164: 0.87053231 | J164: 2.5259398e-05 | K164: 0.042498939 | L164: 802.4 | M164: 0.089247771 | N164: =(K164-$S$90)/$S$91 -> -0.36522089 | O164: =VLOOKUP(A164,$T$5:$U$158,2,FALSE) -> 87.424103 | P164: 0.0012 | Q164: -0.28 | R164: -0.8
A165: 201812 | B165: X | C165: India | D165: South Africa | E165: 80450 | F165: 2261 | G165: 1420 | H165: =F165/G165 -> 1.5922535 | I165: 0.79758723 | J165: 0.00026871772 | K165: 0.018774936 | L165: 768.6 | M165: 0.079793476 | N165: =(K165-$S$90)/$S$91 -> -0.91955396 | O165: =VLOOKUP(A165,$T$5:$U$158,2,FALSE) -> 90.607666 | P165: 0.0208 | Q165: -0.24 | R165: -1
A166: 201811 | B166: X | C166: India | D166: South Africa | E166: 80450 | F166: 2284 | G166: 1770 | H166: =F166/G166 -> 1.2903955 | I166: 0.89713799 | J166: 0.00030964659 | K166: 0.016954182 | L166: 768.6 | M166: 0.18225744 | N166: =(K166-$S$90)/$S$91 -> -0.96209756 | O166: =VLOOKUP(A166,$T$5:$U$158,2,FALSE) -> 80.407585 | P166: 0.0066 | Q166: -0.24 | R166: -1
A167: 201810 | B167: X | C167: India | D167: South Africa | E167: 80450 | F167: 1696 | G167: 1092 | H167: =F167/G167 -> 1.5531136 | I167: 0.88552039 | J167: 0.0001944478 | K167: 0.028835064 | L167: 768.6 | M167: 0.20596474 | N167: =(K167-$S$90)/$S$91 -> -0.68448985 | O167: =VLOOKUP(A167,$T$5:$U$158,2,FALSE) -> 92.016479 | P167: 0.0086 | Q167: -0.24 | R167: -1
A168: 201809 | B168: X | C168: India | D168: South Africa | E168: 80450 | F168: 44 | G168: 60 | H168: =F168/G168 -> 0.73333333 | I168: 0.82516201 | J168: 3.6961822e-06 | K168: 0.020999581 | L168: 768.6 | M168: 0.15539689 | N168: =(K168-$S$90)/$S$91 -> -0.8675731 | O168: =VLOOKUP(A168,$T$5:$U$158,2,FALSE) -> 75.053909 | P168: 0.0002 | Q168: -0.24 | R168: -1
A169: 201808 | B169: X | C169: India | D169: South Africa | E169: 80450 | F169: 30294 | G169: 36600 | H169: =F169/G169 -> 0.82770492 | I169: 0.89076897 | J169: 0.0022500946 | K169: 0.24185963 | L169: 768.6 | M169: 0.14780311 | N169: =(K169-$S$90)/$S$91 -> 4.2930244 | O169: =VLOOKUP(A169,$T$5:$U$158,2,FALSE) -> 112.74168 | P169: 0.1568 | Q169: -0.24 | R169: -1
A170: 201806 | B170: X | C170: India | D170: South Africa | E170: 80450 | F170: 10076 | G170: 7065 | H170: =F170/G170 -> 1.4261854 | I170: 1.1424892 | J170: 0.00060915533 | K170: 0.086737432 | L170: 768.6 | M170: 0.1610838 | N170: =(K170-$S$90)/$S$91 -> 0.66845205 | O170: =VLOOKUP(A170,$T$5:$U$158,2,FALSE) -> 103.96859 | P170: 0.1328 | Q170: -0.24 | R170: -1
... A206: 201505 | B206: X | C206: India | D206: South Africa | E206: 80450 | F206: 9390 | G206: 6080 | H206: =F206/G206 -> 1.5444079 | I206: 1.3109947 | J206: 0.00039758743 | K206: 0.051306169 | L206: 749.3 | M206: 0.10688785 | N206: =(K206-$S$90)/$S$91 -> -0.15943187 | O206: =VLOOKUP(A206,$T$5:$U$158,2,FALSE) -> 76.262329 | P206: 0.9994 | Q206: -0.22 | R206: -0.95
A207: 201504 | B207: X | C207: India | D207: South Africa | E207: 80450 | F207: 2295 | G207: 0 | H207: 1.75 | I207: 1.75 | J207: 0.00012139539 | K207: 0.029758109 | L207: 749.3 | M207: 0.18705097 | N207: =(K207-$S$90)/$S$91 -> -0.66292206 | O207: =VLOOKUP(A207,$T$5:$U$158,2,FALSE) -> 102.19049 | P207: 0.9952 | Q207: -0.22 | R207: -0.95
A208: 201503 | B208: X | C208: India | D208: South Africa | E208: 80450 | F208: 2867 | G208: 2000 | H208: =F208/G208 -> 1.4335 | I208: 0.95340296 | J208: 0.00015294403 | K208: 0.053548627 | L208: 749.3 | M208: 0.13181201 | N208: =(K208-$S$90)/$S$91 -> -0.10703481 | O208: =VLOOKUP(A208,$T$5:$U$158,2,FALSE) -> 104.23527 | P208: 0.999 | Q208: -0.22 | R208: -0.95
A209: 201502 | B209: X | C209: India | D209: South Africa | E209: 80450 | F209: 1145 | G209: 612 | H209: =F209/G209 -> 1.870915 | I209: 0.84838634 | J209: 0.0001123499 | K209: 0.050173327 | L209: 749.3 | M209: 0.12315271 | N209: =(K209-$S$90)/$S$91 -> -0.18590177 | O209: =VLOOKUP(A209,$T$5:$U$158,2,FALSE) -> 111.9247 | P209: 0.496 | Q209: -0.22 | R209: -0.95
A210: 201501 | B210: X | C210: India | D210: South Africa | E210: 80450 | F210: 2665 | G210: 2112 | H210: =F210/G210 -> 1.2618371 | I210: 0.90526936 | J210: 0.00024122022 | K210: 0.054445703 | L210: 749.3 | M210: 0.21778281 | N210: =(K210-$S$90)/$S$91 -> -0.086073803 | O210: =VLOOKUP(A210,$T$5:$U$158,2,FALSE) -> 111.98569 | P210: 0.0464 | Q210: -0.22 | R210: -0.95
A211: 201412 | B211: X | C211: India | D211: South Africa | E211: 80450 | F211: 66378 | G211: 70372 | H211: =F211/G211 -> 0.94324447 | I211: 0.93101033 | J211: 0.0044791215 | K211: 0.05660788 | L211: 742.8 | M211: 0.20030481 | N211: =(K211-$S$90)/$S$91 -> -0.035552553 | O211: =VLOOKUP(A211,$T$5:$U$158,2,FALSE) -> 86.526222 | P211: 0.3414 | Q211: -0.15 | R211: -1
A212: 201411 | B212: X | C212: India | D212: South Africa | E212: 80450 | F212: 4673 | G212: 13600 | H212: =F212/G212 -> 0.34360294 | I212: 0.89553594 | J212: 0.00035672456 | K212: 0.028165614 | L212: 742.8 | M212: 0.15289904 | N212: =(K212-$S$90)/$S$91 -> -0.70013216 | O212: =VLOOKUP(A212,$T$5:$U$158,2,FALSE) -> 84.380051 | P212: 0.0442 | Q212: -0.15 | R212: -1
A213: 201410 | B213: X | C213: India | D213: South Africa | E213: 80450 | F213: 1523 | G213: 1028 | H213: =F213/G213 -> 1.4815175 | I213: 0.93532108 | J213: 0.00010459612 | K213: 0.041821916 | L213: 742.8 | M213: 0.13306972 | N213: =(K213-$S$90)/$S$91 -> -0.38104016 | O213: =VLOOKUP(A213,$T$5:$U$158,2,FALSE) -> 83.661003 | P213: 0.1727 | Q213: -0.15 | R213: -1
A214: 201408 | B214: X | C214: India | D214: South Africa | E214: 80450 | F214: 21950 | G214: 23180 | H214: =F214/G214 -> 0.94693701 | I214: 0.80471057 | J214: 0.0011752955 | K214: 0.04138045 | L214: 742.8 | M214: 0.16138376 | N214: =(K214-$S$90)/$S$91 -> -0.3913554 | O214: =VLOOKUP(A214,$T$5:$U$158,2,FALSE) -> 136.44559 | P214: 0.855 | Q214: -0.15 | R214: -1
A215: 201407 | B215: X | C215: India | D215: South Africa | E215: 80450 | F215: 25287 | G215: 31172 | H215: =F215/G215 -> 0.81120878 | I215: 0.87448683 | J215: 0.0013554553 | K215: 0.050992392 | L215: 742.8 | M215: 0.14513218 | N215: =(K215-$S$90)/$S$91 -> -0.16676357 | O215: =VLOOKUP(A215,$T$5:$U$158,2,FALSE) -> 138.75395 | P215: 0.1643 | Q215: -0.15 | R215: -1
A216: 201406 | B216: X | C216: India | D216: South Africa | E216: 80450 | F216: 44802 | G216: 51000 | H216: =F216/G216 -> 0.87847059 | I216: 0.95678741 | J216: 0.0026933639 | K216: 0.039657362 | L216: 742.8 | M216: 0.11897208 | N216: =(K216-$S$90)/$S$91 -> -0.43161694 | O216: =VLOOKUP(A216,$T$5:$U$158,2,FALSE) -> 98.767105 | P216: 0.4917 | Q216: -0.15 | R216: -1
A217: 201405 | B217: X | C217: India | D217: South Africa | E217: 80450 | F217: 17089 | G217: 29700 | H217: =F217/G217 -> 0.57538721 | I217: 1.088367 | J217: 0.00072566978 | K217: 0.04515522 | L217: 742.8 | M217: 0.10159925 | N217: =(K217-$S$90)/$S$91 -> -0.30315445 | O217: =VLOOKUP(A217,$T$5:$U$158,2,FALSE) -> 83.428856 | P217: 0.2576 | Q217: -0.15 | R217: -1
A218: 201404 | B218: X | C218: India | D218: South Africa | E218: 80450 | F218: 3303 | G218: 8700 | H218: =F218/G218 -> 0.37965517 | I218: 1.1830992 | J218: 0.0001445845 | K218: 0.035493158 | L218: 742.8 | M218: 0.10253579 | N218: =(K218-$S$90)/$S$91 -> -0.52891739 | O218: =VLOOKUP(A218,$T$5:$U$158,2,FALSE) -> 93.221542 | P218: 0.1024 | Q218: -0.15 | R218: -1
A219: 201403 | B219: X | C219: India | D219: South Africa | E219: 80450 | F219: 3831 | G219: 13000 | H219: =F219/G219 -> 0.29469231 | I219: 1.0285753 | J219: 0.00024457687 | K219: 0.055813953 | L219: 742.8 | M219: 0.24186046 | N219: =(K219-$S$90)/$S$91 -> -0.054103371 | O219: =VLOOKUP(A219,$T$5:$U$158,2,FALSE) -> 119.83855 | P219: 0.7345 | Q219: -0.15 | R219: -1
... A233: 201301 | B233: X | C233: India | D233: South Africa | E233: 80450 | F233: 39804 | G233: 53500 | H233: =F233/G233 -> 0.744 | I233: 0.75990024 | J233: 0.003955056 | K233: 0.073391803 | L233: 713.7 | M233: 0.11742688 | N233: =(K233-$S$90)/$S$91 -> 0.35661919 | O233: =VLOOKUP(A233,$T$5:$U$158,2,FALSE) -> 90.657494 | P233: 0.1538 | Q233: -0.05 | R233: -1.23
F235: =_xlfn.STDEV.P(F2:F233) -> 20136.5 | L235: =_xlfn.STDEV.P(L2:L233) -> 49.020035 | N235: =_xlfn.STDEV.P(N2:N233) -> 0.99568033 | P235: =_xlfn.STDEV.P(P2:P233) -> 0.38517821
F236: =MIN(F2:F233) -> 23 | L236: =MIN(L2:L233) -> 700.4 | N236: =MIN(N2:N233) -> -1.4012733 | P236: =MIN(P2:P233) -> 0.0002
F237: =MAX(F2:F233) -> 227390 | L237: =MAX(L2:L233) -> 854.8 | N237: =MAX(N2:N233) -> 6.1054985 | P237: =MAX(P2:P233) -> 1

Sheet Regression
A1: Year | B1: Commodity Code | C1: Trade Value | D1: Country Dummy | E1: Post MoU Dummy | F1: MoU in Effect Dummy | G1: Export Share | H1: MoU * Export Share | I1: Export Prices (Country) | J1: Export Prices (World) | K1: Weighted Export Price | L1: GPR_importer | M1: Producer Prices | N1: GPR_exporter | O1: GPR_world | P1: Import Share | Q1: PS_exporter | R1: PS_importer | S1: MoU * Import Share
A2: =Data!A2 -> 202506 | B2: 80450 | C2: =Data!F2 -> 10906 | D2: =IF(Data!D2="Mauritius", 1, 0) -> 1 | E2: =IF(Regression!A2>201500, 1, 0) -> 1 | F2: =D2*E2 -> 1 | G2: =Data!J2 -> 0.0007729132 | H2: =F2*G2 -> 0.0007729132 | I2: =Data!H2 -> 2.2320917 | J2: =Data!I2 -> 1.4290057 | K2: =(I2*G2)+(J2*(1-G2)) -> 1.4296264 | L2: =Data!N2 -> 2.9757509 | N2: =Data!M2 -> 0.46758103 | O2: =Data!O2 -> 220.12001 | P2: =Data!P2 -> 0.7498 | S2: =P2*F2 -> 0.7498
A3: =Data!A3 -> 202505 | B3: 80450 | C3: =Data!F3 -> 38296 | D3: =IF(Data!D3="Mauritius", 1, 0) -> 1 | E3: =IF(Regression!A3>201500, 1, 0) -> 1 | F3: =D3*E3 -> 1 | G3: =Data!J3 -> 0.001347516 | H3: =F3*G3 -> 0.001347516 | I3: =Data!H3 -> 3.273722 | J3: =Data!I3 -> 1.5528386 | K3: =(I3*G3)+(J3*(1-G3)) -> 1.5551575 | L3: =Data!N3 -> 1.4897919 | N3: =Data!M3 -> 0.76241863 | O3: =Data!O3 -> 165.22462 | P3: =Data!P3 -> 0.823 | S3: =P3*F3 -> 0.823
A4: =Data!A4 -> 202504 | B4: 80450 | C4: =Data!F4 -> 38615 | D4: =IF(Data!D4="Mauritius", 1, 0) -> 1 | E4: =IF(Regression!A4>201500, 1, 0) -> 1 | F4: =D4*E4 -> 1 | G4: =Data!J4 -> 0.0012407355 | H4: =F4*G4 -> 0.0012407355 | I4: =Data!H4 -> 0.87257649 | J4: =Data!I4 -> 1.6721507 | K4: =(I4*G4)+(J4*(1-G4)) -> 1.6711586 | L4: =Data!N4 -> 0.82130531 | N4: =Data!M4 -> 0.42514426 | O4: =Data!O4 -> 140.5289 | P4: =Data!P4 -> 0.8534 | S4: =P4*F4 -> 0.8534
A5: =Data!A5 -> 202503 | B5: 80450 | C5: =Data!F5 -> 36406 | D5: =IF(Data!D5="Mauritius", 1, 0) -> 1 | E5: =IF(Regression!A5>201500, 1, 0) -> 1 | F5: =D5*E5 -> 1 | G5: =Data!J5 -> 0.0023445984 | H5: =F5*G5 -> 0.0023445984 | I5: =Data!H5 -> 0.8615989 | J5: =Data!I5 -> 1.5056713 | K5: =(I5*G5)+(J5*(1-G5)) -> 1.5041612 | L5: =Data!N5 -> 1.6697539 | N5: =Data!M5 -> 0.24915466 | O5: =Data!O5 -> 171.87291 | P5: =Data!P5 -> 0.9337 | S5: =P5*F5 -> 0.9337
A6: =Data!A6 -> 202412 | B6: 80450 | C6: =Data!F6 -> 59559 | D6: =IF(Data!D6="Mauritius", 1, 0) -> 1 | E6: =IF(Regression!A6>201500, 1, 0) -> 1 | F6: =D6*E6 -> 1 | G6: =Data!J6 -> 0.0055486197 | H6: =F6*G6 -> 0.0055486197 | I6: =Data!H6 -> 1.1983702 | J6: =Data!I6 -> 1.2264705 | K6: =(I6*G6)+(J6*(1-G6)) -> 1.2263146 | L6: =Data!N6 -> 0.85849286 | M6: =Data!L6 -> 833.3 | N6: =Data!M6 -> 0.19472842 | O6: =Data!O6 -> 141.90271 | P6: =Data!P6 -> 0.9072 | S6: =P6*F6 -> 0.9072
A7: =Data!A7 -> 202411 | B7: 80450 | C7: =Data!F7 -> 21515 | D7: =IF(Data!D7="Mauritius", 1, 0) -> 1 | E7: =IF(Regression!A7>201500, 1, 0) -> 1 | F7: =D7*E7 -> 1 | G7: =Data!J7 -> 0.0022369108 | H7: =F7*G7 -> 0.0022369108 | I7: =Data!H7 -> 1.0340767 | J7: =Data!I7 -> 1.1506152 | K7: =(I7*G7)+(J7*(1-G7)) -> 1.1503545 | L7: =Data!N7 -> 0.49520237 | M7: =Data!L7 -> 833.3 | N7: =Data!M7 -> 0.18260814 | O7: =Data!O7 -> 128.48177 | P7: =Data!P7 -> 0.8296 | S7: =P7*F7 -> 0.8296
A8: =Data!A8 -> 202410 | B8: 80450 | C8: =Data!F8 -> 19406 | D8: =IF(Data!D8="Mauritius", 1, 0) -> 1 | E8: =IF(Regression!A8>201500, 1, 0) -> 1 | F8: =D8*E8 -> 1 | G8: =Data!J8 -> 0.0017317842 | H8: =F8*G8 -> 0.0017317842 | I8: =Data!H8 -> 2.5307773 | J8: =Data!I8 -> 1.3245168 | K8: =(I8*G8)+(J8*(1-G8)) -> 1.3266057 | L8: =Data!N8 -> 0.55495548 | M8: =Data!L8 -> 833.3 | N8: =Data!M8 -> 0.2658588 | O8: =Data!O8 -> 130.68921 | P8: =Data!P8 -> 1 | S8: =P8*F8 -> 1
A9: =Data!A9 -> 202409 | B9: 80450 | C9: =Data!F9 -> 3175 | D9: =IF(Data!D9="Mauritius", 1, 0) -> 1 | E9: =IF(Regression!A9>201500, 1, 0) -> 1 | F9: =D9*E9 -> 1 | G9: =Data!J9 -> 0.00042198389 | H9: =F9*G9 -> 0.00042198389 | I9: =Data!H9 -> 2.5939542 | J9: =Data!I9 -> 1.4878749 | K9: =(I9*G9)+(J9*(1-G9)) -> 1.4883416 | L9: =Data!N9 -> 0.54013977 | M9: =Data!L9 -> 833.3 | N9: =Data!M9 -> 0.1691497 | O9: =Data!O9 -> 130.14188 | P9: =Data!P9 -> 0.158 | S9: =P9*F9 -> 0.158
A10: =Data!A10 -> 202408 | B10: 80450 | C10: =Data!F10 -> 16263 | D10: =IF(Data!D10="Mauritius", 1, 0) -> 1 | E10: =IF(Regression!A10>201500, 1, 0) -> 1 | F10: =D10*E10 -> 1 | G10: =Data!J10 -> 0.0016740648 | H10: =F10*G10 -> 0.0016740648 | I10: =Data!H10 -> 2.6054149 | J10: =Data!I10 -> 1.2541433 | K10: =(I10*G10)+(J10*(1-G10)) -> 1.2564054 | L10: =Data!N10 -> 0.82766983 | M10: =Data!L10 -> 833.3 | N10: =Data!M10 -> 0.22787695 | O10: =Data!O10 -> 140.76402 | P10: =Data!P10 -> 0.1081 | S10: =P10*F10 -> 0.1081
A11: =Data!A11 -> 202407 | B11: 80450 | C11: =Data!F11 -> 4249 | D11: =IF(Data!D11="Mauritius", 1, 0) -> 1 | E11: =IF(Regression!A11>201500, 1, 0) -> 1 | F11: =D11*E11 -> 1 | G11: =Data!J11 -> 0.00046806614 | H11: =F11*G11 -> 0.00046806614 | I11: =Data!H11 -> 3.2116402 | J11: =Data!I11 -> 0.97456242 | K11: =(I11*G11)+(J11*(1-G11)) -> 0.97560952 | L11: =Data!N11 -> -0.48163087 | M11: =Data!L11 -> 833.3 | N11: =Data!M11 -> 0.16011824 | O11: =Data!O11 -> 92.394875 | P11: =Data!P11 -> 0.0041 | S11: =P11*F11 -> 0.0041
A12: =Data!A12 -> 202406 | B12: 80450 | C12: =Data!F12 -> 6520 | D12: =IF(Data!D12="Mauritius", 1, 0) -> 1 | E12: =IF(Regression!A12>201500, 1, 0) -> 1 | F12: =D12*E12 -> 1 | G12: =Data!J12 -> 0.000453261 | H12: =F12*G12 -> 0.000453261 | I12: =Data!H12 -> 3.2453957 | J12: =Data!I12 -> 1.6192706 | K12: =(I12*G12)+(J12*(1-G12)) -> 1.6200077 | L12: =Data!N12 -> 0.072917522 | M12: =Data!L12 -> 833.3 | N12: =Data!M12 -> 0.19021051 | O12: =Data!O12 -> 112.88141 | P12: =Data!P12 -> 0.4913 | S12: =P12*F12 -> 0.4913
A13: =Data!A13 -> 202405 | B13: 80450 | C13: =Data!F13 -> 16333 | D13: =IF(Data!D13="Mauritius", 1, 0) -> 1 | E13: =IF(Regression!A13>201500, 1, 0) -> 1 | F13: =D13*E13 -> 1 | G13: =Data!J13 -> 0.000558885 | H13: =F13*G13 -> 0.000558885 | I13: =Data!H13 -> 2.8979773 | J13: =Data!I13 -> 1.7477125 | K13: =(I13*G13)+(J13*(1-G13)) -> 1.7483554 | L13: =Data!N13 -> 0.55042568 | M13: =Data!L13 -> 833.3 | N13: =Data!M13 -> 0.13457304 | O13: =Data!O13 -> 130.52187 | P13: =Data!P13 -> 0.6762 | S13: =P13*F13 -> 0.6762
A14: =Data!A14 -> 202311 | B14: 80450 | C14: =Data!F14 -> 6290 | D14: =IF(Data!D14="Mauritius", 1, 0) -> 1 | E14: =IF(Regression!A14>201500, 1, 0) -> 1 | F14: =D14*E14 -> 1 | G14: =Data!J14 -> 0.0014863876 | H14: =F14*G14 -> 0.0014863876 | I14: =Data!H14 -> 2.4666667 | J14: =Data!I14 -> 1.2431354 | K14: =(I14*G14)+(J14*(1-G14)) -> 1.244954 | L14: =Data!N14 -> 1.258935 | M14: =Data!L14 -> 825.6 | N14: =Data!M14 -> 0.25032857 | O14: =Data!O14 -> 156.69614 | P14: =Data!P14 -> 0.771 | Q14: =Data!R14 -> -0.64 | R14: =Data!Q14 -> 0.78 | S14: =P14*F14 -> 0.771
A15: =Data!A15 -> 202310 | B15: 80450 | C15: =Data!F15 -> 3177 | D15: =IF(Data!D15="Mauritius", 1, 0) -> 1 | E15: =IF(Regression!A15>201500, 1, 0) -> 1 | F15: =D15*E15 -> 1 | G15: =Data!J15 -> 0.00041250585 | H15: =F15*G15 -> 0.00041250585 | I15: =Data!H15 -> 2.5955882 | J15: =Data!I15 -> 1.2663608 | K15: =(I15*G15)+(J15*(1-G15)) -> 1.2669091 | L15: =Data!N15 -> 2.3739275 | M15: =Data!L15 -> 825.6 | N15: =Data!M15 -> 0.22093509 | O15: =Data!O15 -> 197.88701 | P15: =Data!P15 -> 0.4067 | Q15: =Data!R15 -> -0.64 | R15: =Data!Q15 -> 0.78 | S15: =P15*F15 -> 0.4067
A16: =Data!A16 -> 202309 | B16: 80450 | C16: =Data!F16 -> 2504 | D16: =IF(Data!D16="Mauritius", 1, 0) -> 1 | E16: =IF(Regression!A16>201500, 1, 0) -> 1 | F16: =D16*E16 -> 1 | G16: =Data!J16 -> 0.00028526419 | H16: =F16*G16 -> 0.00028526419 | I16: =Data!H16 -> 2.3380019 | J16: =Data!I16 -> 1.1297711 | K16: =(I16*G16)+(J16*(1-G16)) -> 1.1301158 | L16: =Data!N16 -> -0.31272251 | M16: =Data!L16 -> 825.6 | N16: =Data!M16 -> 0.45979792 | O16: =Data!O16 -> 98.634811 | P16: =Data!P16 -> 0.078 | Q16: =Data!R16 -> -0.64 | R16: =Data!Q16 -> 0.78 | S16: =P16*F16 -> 0.078
A17: =Data!A17 -> 202307 | B17: 80450 | C17: =Data!F17 -> 4317 | D17: =IF(Data!D17="Mauritius", 1, 0) -> 1 | E17: =IF(Regression!A17>201500, 1, 0) -> 1 | F17: =D17*E17 -> 1 | G17: =Data!J17 -> 0.00028265037 | H17: =F17*G17 -> 0.00028265037 | I17: =Data!H17 -> 3.8068783 | J17: =Data!I17 -> 1.0581756 | K17: =(I17*G17)+(J17*(1-G17)) -> 1.0589526 | L17: =Data!N17 -> -0.074137775 | M17: =Data!L17 -> 825.6 | N17: =Data!M17 -> 0.21112767 | O17: =Data!O17 -> 107.44878 | P17: =Data!P17 -> 0.0957 | Q17: =Data!R17 -> -0.64 | R17: =Data!Q17 -> 0.78 | S17: =P17*F17 -> 0.0957
A18: =Data!A18 -> 202306 | B18: 80450 | C18: =Data!F18 -> 12727 | D18: =IF(Data!D18="Mauritius", 1, 0) -> 1 | E18: =IF(Regression!A18>201500, 1, 0) -> 1 | F18: =D18*E18 -> 1 | G18: =Data!J18 -> 0.00071689038 | H18: =F18*G18 -> 0.00071689038 | I18: =Data!H18 -> 3.7934426 | J18: =Data!I18 -> 1.545201 | K18: =(I18*G18)+(J18*(1-G18)) -> 1.5468127 | L18: =Data!N18 -> 0.0092388909 | M18: =Data!L18 -> 825.6 | N18: =Data!M18 -> 0.26301304 | O18: =Data!O18 -> 110.52895 | P18: =Data!P18 -> 0.612 | Q18: =Data!R18 -> -0.64 | R18: =Data!Q18 -> 0.78 | S18: =P18*F18 -> 0.612
A19: =Data!A19 -> 202305 | B19: 80450 | C19: =Data!F19 -> 25971 | D19: =IF(Data!D19="Mauritius", 1, 0) -> 1 | E19: =IF(Regression!A19>201500, 1, 0) -> 1 | F19: =D19*E19 -> 1 | G19: =Data!J19 -> 0.00097985463 | H19: =F19*G19 -> 0.00097985463 | I19: =Data!H19 -> 4.2408556 | J19: =Data!I19 -> 1.6160682 | K19: =(I19*G19)+(J19*(1-G19)) -> 1.6186401 | L19: =Data!N19 -> -0.046557304 | M19: =Data!L19 -> 825.6 | N19: =Data!M19 -> 0.31503695 | O19: =Data!O19 -> 108.46768 | P19: =Data!P19 -> 1 | Q19: =Data!R19 -> -0.64 | R19: =Data!Q19 -> 0.78 | S19: =P19*F19 -> 1
A20: =Data!A20 -> 202304 | B20: 80450 | C20: =Data!F20 -> 421 | D20: =IF(Data!D20="Mauritius", 1, 0) -> 1 | E20: =IF(Regression!A20>201500, 1, 0) -> 1 | F20: =D20*E20 -> 1 | G20: =Data!J20 -> 2.2257445e-05 | H20: =F20*G20 -> 2.2257445e-05 | I20: =Data!H20 -> 2.8445946 | J20: =Data!I20 -> 1.7850799 | K20: =(I20*G20)+(J20*(1-G20)) -> 1.7851035 | L20: =Data!N20 -> -0.091438326 | M20: =Data!L20 -> 825.6 | N20: =Data!M20 -> 0.2464332 | O20: =Data!O20 -> 106.80965 | P20: =Data!P20 -> 0.1039 | Q20: =Data!R20 -> -0.64 | R20: =Data!Q20 -> 0.78 | S20: =P20*F20 -> 0.1039
A21: =Data!A21 -> 202303 | B21: 80450 | C21: =Data!F21 -> 3986 | D21: =IF(Data!D21="Mauritius", 1, 0) -> 1 | E21: =IF(Regression!A21>201500, 1, 0) -> 1 | F21: =D21*E21 -> 1 | G21: =Data!J21 -> 0.00024389459 | H21: =F21*G21 -> 0.00024389459 | I21: =Data!H21 -> 2.6052288 | J21: =Data!I21 -> 1.6928368 | K21: =(I21*G21)+(J21*(1-G21)) -> 1.6930594 | L21: =Data!N21 -> -0.13013822 | M21: =Data!L21 -> 825.6 | N21: =Data!M21 -> 0.30663994 | O21: =Data!O21 -> 105.37997 | P21: =Data!P21 -> 0.7509 | Q21: =Data!R21 -> -0.64 | R21: =Data!Q21 -> 0.78 | S21: =P21*F21 -> 0.7509
A22: =Data!A22 -> 202302 | B22: 80450 | C22: =Data!F22 -> 17032 | D22: =IF(Data!D22="Mauritius", 1, 0) -> 1 | E22: =IF(Regression!A22>201500, 1, 0) -> 1 | F22: =D22*E22 -> 1 | G22: =Data!J22 -> 0.0017104202 | H22: =F22*G22 -> 0.0017104202 | I22: =Data!H22 -> 3.0501433 | J22: =Data!I22 -> 1.3625965 | K22: =(I22*G22)+(J22*(1-G22)) -> 1.3654829 | L22: =Data!N22 -> 0.29252683 | M22: =Data!L22 -> 825.6 | N22: =Data!M22 -> 0.29352903 | O22: =Data!O22 -> 120.99438 | P22: =Data!P22 -> 0.8874 | Q22: =Data!R22 -> -0.64 | R22: =Data!Q22 -> 0.78 | S22: =P22*F22 -> 0.8874
A23: =Data!A23 -> 202211 | B23: 80450 | C23: =Data!F23 -> 4549 | D23: =IF(Data!D23="Mauritius", 1, 0) -> 1 | E23: =IF(Regression!A23>201500, 1, 0) -> 1 | F23: =D23*E23 -> 1 | G23: =Data!J23 -> 0.00028359255 | H23: =F23*G23 -> 0.00028359255 | I23: =Data!H23 -> 2.4709397 | J23: =Data!I23 -> 1.3706627 | K23: =(I23*G23)+(J23*(1-G23)) -> 1.3709747 | L23: =Data!N23 -> 0.17672351 | M23: =Data!L23 -> 843.6 | N23: =Data!M23 -> 0.29648212 | O23: =Data!O23 -> 116.71629 | P23: =Data!P23 -> 0.9092 | Q23: =Data!R23 -> -0.62 | R23: =Data!Q23 -> 0.83 | S23: =P23*F23 -> 0.9092
A24: =Data!A24 -> 202210 | B24: 80450 | C24: =Data!F24 -> 23 | D24: =IF(Data!D24="Mauritius", 1, 0) -> 1 | E24: =IF(Regression!A24>201500, 1, 0) -> 1 | F24: =D24*E24 -> 1 | G24: =Data!J24 -> 1.3518735e-06 | H24: =F24*G24 -> 1.3518735e-06 | I24: =Data!H24 -> 2.5555556 | J24: =Data!I24 -> 1.3232739 | K24: =(I24*G24)+(J24*(1-G24)) -> 1.3232755 | L24: =Data!N24 -> 0.89259171 | M24: =Data!L24 -> 843.6 | N24: =Data!M24 -> 0.30671361 | O24: =Data!O24 -> 143.16241 | P24: =Data!P24 -> 0.0015 | Q24: =Data!R24 -> -0.62 | R24: =Data!Q24 -> 0.83 | S24: =P24*F24 -> 0.0015
A25: =Data!A25 -> 202209 | B25: 80450 | C25: =Data!F25 -> 39448 | D25: =IF(Data!D25="Mauritius", 1, 0) -> 1 | E25: =IF(Regression!A25>201500, 1, 0) -> 1 | F25: =D25*E25 -> 1 | G25: =Data!J25 -> 0.0015017903 | H25: =F25*G25 -> 0.0015017903 | I25: =Data!H25 -> 1.7316945 | J25: =Data!I25 -> 1.3487115 | K25: =(I25*G25)+(J25*(1-G25)) -> 1.3492866 | L25: =Data!N25 -> 0.5900547 | M25: =Data!L25 -> 843.6 | N25: =Data!M25 -> 0.50662738 | O25: =Data!O25 -> 131.98587 | P25: =Data!P25 -> 0.8456 | Q25: =Data!R25 -> -0.62 | R25: =Data!Q25 -> 0.83 | S25: =P25*F25 -> 0.8456
... A89: =Data!A89 -> 201302 | B89: 80450 | C89: =Data!F89 -> 860 | D89: =IF(Data!D89="Mauritius", 1, 0) -> 1 | E89: =IF(Regression!A89>201500, 1, 0) -> 0 | F89: =D89*E89 -> 0 | G89: =Data!J89 -> 8.5896177e-05 | H89: =F89*G89 -> 0 | I89: =Data!H89 -> 0.86 | J89: =Data!I89 -> 0.86039048 | K89: =(I89*G89)+(J89*(1-G89)) -> 0.86039045 | L89: =Data!N89 -> -0.77409819 | M89: =Data!L89 -> 713.7 | N89: =Data!M89 -> 0.11446615 | O89: =Data!O89 -> 81.590332 | P89: =Data!P89 -> 0.3549 | Q89: =Data!R89 -> -1.23 | R89: =Data!Q89 -> 0.94 | S89: =P89*F89 -> 0
A90: =Data!A90 -> 202506 | B90: 80450 | C90: =Data!F90 -> 12656 | D90: =IF(Data!D90="Mauritius", 1, 0) -> 0 | E90: =IF(Regression!A90>201500, 1, 0) -> 1 | F90: =D90*E90 -> 0 | G90: =Data!J90 -> 0.0008969365 | H90: =F90*G90 -> 0 | I90: =Data!H90 -> 2.4574757 | J90: =Data!I90 -> 1.4290057 | K90: =(I90*G90)+(J90*(1-G90)) -> 1.4299281 | L90: =Data!N90 -> -0.19286518 | N90: =Data!M90 -> 0.46758103 | O90: =Data!O90 -> 220.12001 | P90: =Data!P90 -> 0.116 | Q90: =Data!R90 -> -1.23 | R90: =Data!Q90 -> 0.94 | S90: =P90*F90 -> 0
A91: =Data!A91 -> 202505 | B91: 80450 | C91: =Data!F91 -> 11332 | D91: =IF(Data!D91="Mauritius", 1, 0) -> 0 | E91: =IF(Regression!A91>201500, 1, 0) -> 1 | F91: =D91*E91 -> 0 | G91: =Data!J91 -> 0.00039873751 | H91: =F91*G91 -> 0 | I91: =Data!H91 -> 2.208106 | J91: =Data!I91 -> 1.5528386 | K91: =(I91*G91)+(J91*(1-G91)) -> 1.5530998 | L91: =Data!N91 -> 0.83431979 | N91: =Data!M91 -> 0.76241863 | O91: =Data!O91 -> 165.22462 | P91: =Data!P91 -> 0.2263 | S91: =P91*F91 -> 0
A92: =Data!A92 -> 202504 | B92: 80450 | C92: =Data!F92 -> 2139 | D92: =IF(Data!D92="Mauritius", 1, 0) -> 0 | E92: =IF(Regression!A92>201500, 1, 0) -> 1 | F92: =D92*E92 -> 0 | G92: =Data!J92 -> 6.8728039e-05 | H92: =F92*G92 -> 0 | I92: =Data!H92 -> 2.7387964 | J92: =Data!I92 -> 1.6721507 | K92: =(I92*G92)+(J92*(1-G92)) -> 1.672224 | L92: =Data!N92 -> 1.3380927 | N92: =Data!M92 -> 0.42514426 | O92: =Data!O92 -> 140.5289 | P92: =Data!P92 -> 0.9912 | S92: =P92*F92 -> 0
A93: =Data!A93 -> 202503 | B93: 80450 | C93: =Data!F93 -> 16427 | D93: =IF(Data!D93="Mauritius", 1, 0) -> 0 | E93: =IF(Regression!A93>201500, 1, 0) -> 1 | F93: =D93*E93 -> 0 | G93: =Data!J93 -> 0.0010579223 | H93: =F93*G93 -> 0 | I93: =Data!H93 -> 1.8718095 | J93: =Data!I93 -> 1.5056713 | K93: =(I93*G93)+(J93*(1-G93)) -> 1.5060587 | L93: =Data!N93 -> 0.58232816 | N93: =Data!M93 -> 0.24915466 | O93: =Data!O93 -> 171.87291 | P93: =Data!P93 -> 1 | S93: =P93*F93 -> 0
A94: =Data!A94 -> 202502 | B94: 80450 | C94: =Data!F94 -> 101958 | D94: =IF(Data!D94="Mauritius", 1, 0) -> 0 | E94: =IF(Regression!A94>201500, 1, 0) -> 1 | F94: =D94*E94 -> 0 | G94: =Data!J94 -> 0.010646738 | H94: =F94*G94 -> 0 | I94: =Data!H94 -> 0.75777035 | J94: =Data!I94 -> 1.3750398 | K94: =(I94*G94)+(J94*(1-G94)) -> 1.3684679 | L94: =Data!N94 -> 0.37442787 | N94: =Data!M94 -> 0.20897937 | O94: =Data!O94 -> 136.20163 | P94: =Data!P94 -> 0.9401 | S94: =P94*F94 -> 0
A95: =Data!A95 -> 202501 | B95: 80450 | C95: =Data!F95 -> 18862 | D95: =IF(Data!D95="Mauritius", 1, 0) -> 0 | E95: =IF(Regression!A95>201500, 1, 0) -> 1 | F95: =D95*E95 -> 0 | G95: =Data!J95 -> 0.0025808563 | H95: =F95*G95 -> 0 | I95: =Data!H95 -> 2.1453594 | J95: =Data!I95 -> 1.2166639 | K95: =(I95*G95)+(J95*(1-G95)) -> 1.2190607 | L95: =Data!N95 -> 0.54749891 | N95: =Data!M95 -> 0.23840894 | O95: =Data!O95 -> 112.32622 | P95: =Data!P95 -> 0.2723 | S95: =P95*F95 -> 0
A96: =Data!A96 -> 202412 | B96: 80450 | C96: =Data!F96 -> 8426 | D96: =IF(Data!D96="Mauritius", 1, 0) -> 0 | E96: =IF(Regression!A96>201500, 1, 0) -> 1 | F96: =D96*E96 -> 0 | G96: =Data!J96 -> 0.00078498076 | H96: =F96*G96 -> 0 | I96: =Data!H96 -> 1.6645595 | J96: =Data!I96 -> 1.2264705 | K96: =(I96*G96)+(J96*(1-G96)) -> 1.2268144 | L96: =Data!N96 -> 1.0792568 | M96: =Data!L96 -> 833.3 | N96: =Data!M96 -> 0.19472842 | O96: =Data!O96 -> 141.90271 | P96: =Data!P96 -> 0.635 | S96: =P96*F96 -> 0
A97: =Data!A97 -> 202411 | B97: 80450 | C97: =Data!F97 -> 11405 | D97: =IF(Data!D97="Mauritius", 1, 0) -> 0 | E97: =IF(Regression!A97>201500, 1, 0) -> 1 | F97: =D97*E97 -> 0 | G97: =Data!J97 -> 0.0011857759 | H97: =F97*G97 -> 0 | I97: =Data!H97 -> 2.424017 | J97: =Data!I97 -> 1.1506152 | K97: =(I97*G97)+(J97*(1-G97)) -> 1.1521251 | L97: =Data!N97 -> 0.84872153 | M97: =Data!L97 -> 833.3 | N97: =Data!M97 -> 0.18260814 | O97: =Data!O97 -> 128.48177 | P97: =Data!P97 -> 0.1572 | S97: =P97*F97 -> 0
A98: =Data!A98 -> 202410 | B98: 80450 | C98: =Data!F98 -> 4962 | D98: =IF(Data!D98="Mauritius", 1, 0) -> 0 | E98: =IF(Regression!A98>201500, 1, 0) -> 1 | F98: =D98*E98 -> 0 | G98: =Data!J98 -> 0.00044280704 | H98: =F98*G98 -> 0 | I98: =Data!H98 -> 2.1564537 | J98: =Data!I98 -> 1.3245168 | K98: =(I98*G98)+(J98*(1-G98)) -> 1.3248852 | L98: =Data!N98 -> 2.2534002 | M98: =Data!L98 -> 833.3 | N98: =Data!M98 -> 0.2658588 | O98: =Data!O98 -> 130.68921 | P98: =Data!P98 -> 0.0366 | S98: =P98*F98 -> 0
A99: =Data!A99 -> 202409 | B99: 80450 | C99: =Data!F99 -> 7498 | D99: =IF(Data!D99="Mauritius", 1, 0) -> 0 | E99: =IF(Regression!A99>201500, 1, 0) -> 1 | F99: =D99*E99 -> 0 | G99: =Data!J99 -> 0.00099654651 | H99: =F99*G99 -> 0 | I99: =Data!H99 -> 2.5730954 | J99: =Data!I99 -> 1.4878749 | K99: =(I99*G99)+(J99*(1-G99)) -> 1.4889564 | L99: =Data!N99 -> 0.31389533 | M99: =Data!L99 -> 833.3 | N99: =Data!M99 -> 0.1691497 | O99: =Data!O99 -> 130.14188 | P99: =Data!P99 -> 0.1644 | S99: =P99*F99 -> 0
A100: =Data!A100 -> 202408 | B100: 80450 | C100: =Data!F100 -> 3560 | D100: =IF(Data!D100="Mauritius", 1, 0) -> 0 | E100: =IF(Regression!A100>201500, 1, 0) -> 1 | F100: =D100*E100 -> 0 | G100: =Data!J100 -> 0.00036645579 | H100: =F100*G100 -> 0 | I100: =Data!H100 -> 2.0331239 | J100: =Data!I100 -> 1.2541433 | K100: =(I100*G100)+(J100*(1-G100)) -> 1.2544288 | L100: =Data!N100 -> 0.26869939 | M100: =Data!L100 -> 833.3 | N100: =Data!M100 -> 0.22787695 | O100: =Data!O100 -> 140.76402 | P100: =Data!P100 -> 0.1446 | S100: =P100*F100 -> 0
A101: =Data!A101 -> 202407 | B101: 80450 | C101: =Data!F101 -> 12171 | D101: =IF(Data!D101="Mauritius", 1, 0) -> 0 | E101: =IF(Regression!A101>201500, 1, 0) -> 1 | F101: =D101*E101 -> 0 | G101: =Data!J101 -> 0.0013407467 | H101: =F101*G101 -> 0 | I101: =Data!H101 -> 1.975491 | J101: =Data!I101 -> 0.97456242 | K101: =(I101*G101)+(J101*(1-G101)) -> 0.97590441 | L101: =Data!N101 -> -0.063178926 | M101: =Data!L101 -> 833.3 | N101: =Data!M101 -> 0.16011824 | O101: =Data!O101 -> 92.394875 | P101: =Data!P101 -> 0.9206 | S101: =P101*F101 -> 0
A102: =Data!A102 -> 202406 | B102: 80450 | C102: =Data!F102 -> 2545 | D102: =IF(Data!D102="Mauritius", 1, 0) -> 0 | E102: =IF(Regression!A102>201500, 1, 0) -> 1 | F102: =D102*E102 -> 0 | G102: =Data!J102 -> 0.00017692473 | H102: =F102*G102 -> 0 | I102: =Data!H102 -> 0.90184266 | J102: =Data!I102 -> 1.6192706 | K102: =(I102*G102)+(J102*(1-G102)) -> 1.6191437 | L102: =Data!N102 -> 1.3084181 | M102: =Data!L102 -> 833.3 | N102: =Data!M102 -> 0.19021051 | O102: =Data!O102 -> 112.88141 | P102: =Data!P102 -> 1 | S102: =P102*F102 -> 0
A103: =Data!A103 -> 202405 | B103: 80450 | C103: =Data!F103 -> 28232 | D103: =IF(Data!D103="Mauritius", 1, 0) -> 0 | E103: =IF(Regression!A103>201500, 1, 0) -> 1 | F103: =D103*E103 -> 0 | G103: =Data!J103 -> 0.00096604674 | H103: =F103*G103 -> 0 | I103: =Data!H103 -> 2.413404 | J103: =Data!I103 -> 1.7477125 | K103: =(I103*G103)+(J103*(1-G103)) -> 1.7483556 | L103: =Data!N103 -> 2.929601 | M103: =Data!L103 -> 833.3 | N103: =Data!M103 -> 0.13457304 | O103: =Data!O103 -> 130.52187 | P103: =Data!P103 -> 0.7973 | S103: =P103*F103 -> 0
A104: =Data!A104 -> 202404 | B104: 80450 | C104: =Data!F104 -> 16244 | D104: =IF(Data!D104="Mauritius", 1, 0) -> 0 | E104: =IF(Regression!A104>201500, 1, 0) -> 1 | F104: =D104*E104 -> 0 | G104: =Data!J104 -> 0.00076903189 | H104: =F104*G104 -> 0 | I104: =Data!H104 -> 2.0153846 | J104: =Data!I104 -> 1.8074611 | K104: =(I104*G104)+(J104*(1-G104)) -> 1.807621 | L104: =Data!N104 -> 1.8950287 | M104: =Data!L104 -> 833.3 | N104: =Data!M104 -> 0.24681982 | O104: =Data!O104 -> 163.73634 | P104: =Data!P104 -> 0.7705 | S104: =P104*F104 -> 0
A105: =Data!A105 -> 202403 | B105: 80450 | C105: =Data!F105 -> 25834 | D105: =IF(Data!D105="Mauritius", 1, 0) -> 0 | E105: =IF(Regression!A105>201500, 1, 0) -> 1 | F105: =D105*E105 -> 0 | G105: =Data!J105 -> 0.0013625751 | H105: =F105*G105 -> 0 | I105: =Data!H105 -> 2.575673 | J105: =Data!I105 -> 1.7848655 | K105: =(I105*G105)+(J105*(1-G105)) -> 1.785943 | L105: =Data!N105 -> 1.3707445 | M105: =Data!L105 -> 833.3 | N105: =Data!M105 -> 0.23973444 | O105: =Data!O105 -> 133.21317 | P105: =Data!P105 -> 0.7329 | S105: =P105*F105 -> 0
A106: =Data!A106 -> 202402 | B106: 80450 | C106: =Data!F106 -> 9200 | D106: =IF(Data!D106="Mauritius", 1, 0) -> 0 | E106: =IF(Regression!A106>201500, 1, 0) -> 1 | F106: =D106*E106 -> 0 | G106: =Data!J106 -> 0.0010542323 | H106: =F106*G106 -> 0 | I106: =Data!H106 -> 1.8848597 | J106: =Data!I106 -> 1.3907869 | K106: =(I106*G106)+(J106*(1-G106)) -> 1.3913078 | L106: =Data!N106 -> 1.5466299 | M106: =Data!L106 -> 833.3 | N106: =Data!M106 -> 0.21592619 | O106: =Data!O106 -> 146.59818 | P106: =Data!P106 -> 0.6707 | S106: =P106*F106 -> 0
A107: =Data!A107 -> 202401 | B107: 80450 | C107: =Data!F107 -> 2050 | D107: =IF(Data!D107="Mauritius", 1, 0) -> 0 | E107: =IF(Regression!A107>201500, 1, 0) -> 1 | F107: =D107*E107 -> 0 | G107: =Data!J107 -> 0.00030752448 | H107: =F107*G107 -> 0 | I107: =Data!H107 -> 1.9034355 | J107: =Data!I107 -> 1.2305022 | K107: =(I107*G107)+(J107*(1-G107)) -> 1.2307091 | L107: =Data!N107 -> 6.1054985 | M107: =Data!L107 -> 833.3 | N107: =Data!M107 -> 0.27558562 | O107: =Data!O107 -> 160.16484 | P107: =Data!P107 -> 0.1129 | S107: =P107*F107 -> 0
A108: =Data!A108 -> 202312 | B108: 80450 | C108: =Data!F108 -> 5993 | D108: =IF(Data!D108="Mauritius", 1, 0) -> 0 | E108: =IF(Regression!A108>201500, 1, 0) -> 1 | F108: =D108*E108 -> 0 | G108: =Data!J108 -> 0.00097914293 | H108: =F108*G108 -> 0 | I108: =Data!H108 -> 2.4292663 | J108: =Data!I108 -> 1.23 | K108: =(I108*G108)+(J108*(1-G108)) -> 1.2311743 | L108: =Data!N108 -> 1.3489262 | M108: =Data!L108 -> 825.6 | N108: =Data!M108 -> 0.22528322 | O108: =Data!O108 -> 142.27946 | P108: =Data!P108 -> 0.0093 | Q108: =Data!R108 -> -0.64 | R108: =Data!Q108 -> -0.67 | S108: =P108*F108 -> 0
A109: =Data!A109 -> 202311 | B109: 80450 | C109: =Data!F109 -> 6050 | D109: =IF(Data!D109="Mauritius", 1, 0) -> 0 | E109: =IF(Regression!A109>201500, 1, 0) -> 1 | F109: =D109*E109 -> 0 | G109: =Data!J109 -> 0.0014296733 | H109: =F109*G109 -> 0 | I109: =Data!H109 -> 2.0733379 | J109: =Data!I109 -> 1.2431354 | K109: =(I109*G109)+(J109*(1-G109)) -> 1.2443223 | L109: =Data!N109 -> -0.04218737 | M109: =Data!L109 -> 825.6 | N109: =Data!M109 -> 0.25032857 | O109: =Data!O109 -> 156.69614 | P109: =Data!P109 -> 0.0078 | Q109: =Data!R109 -> -0.64 | R109: =Data!Q109 -> -0.67 | S109: =P109*F109 -> 0
A110: =Data!A110 -> 202310 | B110: 80450 | C110: =Data!F110 -> 16565 | D110: =IF(Data!D110="Mauritius", 1, 0) -> 0 | E110: =IF(Regression!A110>201500, 1, 0) -> 1 | F110: =D110*E110 -> 0 | G110: =Data!J110 -> 0.0021508213 | H110: =F110*G110 -> 0 | I110: =Data!H110 -> 2.9261615 | J110: =Data!I110 -> 1.2663608 | K110: =(I110*G110)+(J110*(1-G110)) -> 1.2699308 | L110: =Data!N110 -> 0.17650552 | M110: =Data!L110 -> 825.6 | N110: =Data!M110 -> 0.22093509 | O110: =Data!O110 -> 197.88701 | P110: =Data!P110 -> 0.0787 | Q110: =Data!R110 -> -0.64 | R110: =Data!Q110 -> -0.67 | S110: =P110*F110 -> 0
A111: =Data!A111 -> 202309 | B111: 80450 | C111: =Data!F111 -> 9181 | D111: =IF(Data!D111="Mauritius", 1, 0) -> 0 | E111: =IF(Regression!A111>201500, 1, 0) -> 1 | F111: =D111*E111 -> 0 | G111: =Data!J111 -> 0.0010459307 | H111: =F111*G111 -> 0 | I111: =Data!H111 -> 2.0956403 | J111: =Data!I111 -> 1.1297711 | K111: =(I111*G111)+(J111*(1-G111)) -> 1.1307814 | L111: =Data!N111 -> 1.3276524 | M111: =Data!L111 -> 825.6 | N111: =Data!M111 -> 0.45979792 | O111: =Data!O111 -> 98.634811 | P111: =Data!P111 -> 0.1145 | Q111: =Data!R111 -> -0.64 | R111: =Data!Q111 -> -0.67 | S111: =P111*F111 -> 0
A112: =Data!A112 -> 202308 | B112: 80450 | C112: =Data!F112 -> 12766 | D112: =IF(Data!D112="Mauritius", 1, 0) -> 0 | E112: =IF(Regression!A112>201500, 1, 0) -> 1 | F112: =D112*E112 -> 0 | G112: =Data!J112 -> 0.0010280775 | H112: =F112*G112 -> 0 | I112: =Data!H112 -> 2.377724 | J112: =Data!I112 -> 1.1072361 | K112: =(I112*G112)+(J112*(1-G112)) -> 1.1085423 | L112: =Data!N112 -> 1.7606102 | M112: =Data!L112 -> 825.6 | N112: =Data!M112 -> 0.3154957 | O112: =Data!O112 -> 101.14118 | P112: =Data!P112 -> 0.0711 | Q112: =Data!R112 -> -0.64 | R112: =Data!Q112 -> -0.67 | S112: =P112*F112 -> 0
A113: =Data!A113 -> 202307 | B113: 80450 | C113: =Data!F113 -> 1334 | D113: =IF(Data!D113="Mauritius", 1, 0) -> 0 | E113: =IF(Regression!A113>201500, 1, 0) -> 1 | F113: =D113*E113 -> 0 | G113: =Data!J113 -> 8.7342043e-05 | H113: =F113*G113 -> 0 | I113: =Data!H113 -> 2.1691057 | J113: =Data!I113 -> 1.0581756 | K113: =(I113*G113)+(J113*(1-G113)) -> 1.0582727 | L113: =Data!N113 -> 1.2534422 | M113: =Data!L113 -> 825.6 | N113: =Data!M113 -> 0.21112767 | O113: =Data!O113 -> 107.44878 | P113: =Data!P113 -> 0.0591 | Q113: =Data!R113 -> -0.64 | R113: =Data!Q113 -> -0.67 | S113: =P113*F113 -> 0
A114: =Data!A114 -> 202306 | B114: 80450 | C114: =Data!F114 -> 9773 | D114: =IF(Data!D114="Mauritius", 1, 0) -> 0 | E114: =IF(Regression!A114>201500, 1, 0) -> 1 | F114: =D114*E114 -> 0 | G114: =Data!J114 -> 0.00055049655 | H114: =F114*G114 -> 0 | I114: =Data!H114 -> 1.8523503 | J114: =Data!I114 -> 1.545201 | K114: =(I114*G114)+(J114*(1-G114)) -> 1.5453701 | L114: =Data!N114 -> 1.5001434 | M114: =Data!L114 -> 825.6 | N114: =Data!M114 -> 0.26301304 | O114: =Data!O114 -> 110.52895 | P114: =Data!P114 -> 0.3673 | Q114: =Data!R114 -> -0.64 | R114: =Data!Q114 -> -0.67 | S114: =P114*F114 -> 0
A115: =Data!A115 -> 202305 | B115: 80450 | C115: =Data!F115 -> 10149 | D115: =IF(Data!D115="Mauritius", 1, 0) -> 0 | E115: =IF(Regression!A115>201500, 1, 0) -> 1 | F115: =D115*E115 -> 0 | G115: =Data!J115 -> 0.00038290958 | H115: =F115*G115 -> 0 | I115: =Data!H115 -> 1.808124 | J115: =Data!I115 -> 1.6160682 | K115: =(I115*G115)+(J115*(1-G115)) -> 1.6161417 | L115: =Data!N115 -> 2.8885565 | M115: =Data!L115 -> 825.6 | N115: =Data!M115 -> 0.31503695 | O115: =Data!O115 -> 108.46768 | P115: =Data!P115 -> 0.2706 | Q115: =Data!R115 -> -0.64 | R115: =Data!Q115 -> -0.67 | S115: =P115*F115 -> 0
A116: =Data!A116 -> 202304 | B116: 80450 | C116: =Data!F116 -> 242 | D116: =IF(Data!D116="Mauritius", 1, 0) -> 0 | E116: =IF(Regression!A116>201500, 1, 0) -> 1 | F116: =D116*E116 -> 0 | G116: =Data!J116 -> 1.2794066e-05 | H116: =F116*G116 -> 0 | I116: =Data!H116 -> 1.6575342 | J116: =Data!I116 -> 1.7850799 | K116: =(I116*G116)+(J116*(1-G116)) -> 1.7850783 | L116: =Data!N116 -> -0.14600799 | M116: =Data!L116 -> 825.6 | N116: =Data!M116 -> 0.2464332 | O116: =Data!O116 -> 106.80965 | P116: =Data!P116 -> 0.0091 | Q116: =Data!R116 -> -0.64 | R116: =Data!Q116 -> -0.67 | S116: =P116*F116 -> 0
A117: =Data!A117 -> 202303 | B117: 80450 | C117: =Data!F117 -> 4390 | D117: =IF(Data!D117="Mauritius", 1, 0) -> 0 | E117: =IF(Regression!A117>201500, 1, 0) -> 1 | F117: =D117*E117 -> 0 | G117: =Data!J117 -> 0.00026861446 | H117: =F117*G117 -> 0 | I117: =Data!H117 -> 1.9390459 | J117: =Data!I117 -> 1.6928368 | K117: =(I117*G117)+(J117*(1-G117)) -> 1.692903 | L117: =Data!N117 -> 0.15740928 | M117: =Data!L117 -> 825.6 | N117: =Data!M117 -> 0.30663994 | O117: =Data!O117 -> 105.37997 | P117: =Data!P117 -> 0.0982 | Q117: =Data!R117 -> -0.64 | R117: =Data!Q117 -> -0.67 | S117: =P117*F117 -> 0
A118: =Data!A118 -> 202302 | B118: 80450 | C118: =Data!F118 -> 2310 | D118: =IF(Data!D118="Mauritius", 1, 0) -> 0 | E118: =IF(Regression!A118>201500, 1, 0) -> 1 | F118: =D118*E118 -> 0 | G118: =Data!J118 -> 0.00023197925 | H118: =F118*G118 -> 0 | I118: =Data!H118 -> 2.2427184 | J118: =Data!I118 -> 1.3625965 | K118: =(I118*G118)+(J118*(1-G118)) -> 1.3628007 | L118: =Data!N118 -> 0.82402621 | M118: =Data!L118 -> 825.6 | N118: =Data!M118 -> 0.29352903 | O118: =Data!O118 -> 120.99438 | P118: =Data!P118 -> 0.0353 | Q118: =Data!R118 -> -0.64 | R118: =Data!Q118 -> -0.67 | S118: =P118*F118 -> 0
A119: =Data!A119 -> 202301 | B119: 80450 | C119: =Data!F119 -> 9983 | D119: =IF(Data!D119="Mauritius", 1, 0) -> 0 | E119: =IF(Regression!A119>201500, 1, 0) -> 1 | F119: =D119*E119 -> 0 | G119: =Data!J119 -> 0.00094743335 | H119: =F119*G119 -> 0 | I119: =Data!H119 -> 2.5051443 | J119: =Data!I119 -> 1.2950243 | K119: =(I119*G119)+(J119*(1-G119)) -> 1.2961708 | L119: =Data!N119 -> -0.4725039 | M119: =Data!L119 -> 825.6 | N119: =Data!M119 -> 0.19585544 | O119: =Data!O119 -> 104.26704 | P119: =Data!P119 -> 0.042 | Q119: =Data!R119 -> -0.64 | R119: =Data!Q119 -> -0.67 | S119: =P119*F119 -> 0
... A217: =Data!A217 -> 201405 | B217: 80450 | C217: =Data!F217 -> 17089 | D217: =IF(Data!D217="Mauritius", 1, 0) -> 0 | E217: =IF(Regression!A217>201500, 1, 0) -> 0 | F217: =D217*E217 -> 0 | G217: =Data!J217 -> 0.00072566978 | H217: =F217*G217 -> 0 | I217: =Data!H217 -> 0.57538721 | J217: =Data!I217 -> 1.088367 | K217: =(I217*G217)+(J217*(1-G217)) -> 1.0879947 | L217: =Data!N217 -> -0.30315445 | M217: =Data!L217 -> 742.8 | N217: =Data!M217 -> 0.10159925 | O217: =Data!O217 -> 83.428856 | P217: =Data!P217 -> 0.2576 | Q217: =Data!R217 -> -1 | R217: =Data!Q217 -> -0.15 | S217: =P217*F217 -> 0
A218: =Data!A218 -> 201404 | B218: 80450 | C218: =Data!F218 -> 3303 | D218: =IF(Data!D218="Mauritius", 1, 0) -> 0 | E218: =IF(Regression!A218>201500, 1, 0) -> 0 | F218: =D218*E218 -> 0 | G218: =Data!J218 -> 0.0001445845 | H218: =F218*G218 -> 0 | I218: =Data!H218 -> 0.37965517 | J218: =Data!I218 -> 1.1830992 | K218: =(I218*G218)+(J218*(1-G218)) -> 1.1829831 | L218: =Data!N218 -> -0.52891739 | M218: =Data!L218 -> 742.8 | N218: =Data!M218 -> 0.10253579 | O218: =Data!O218 -> 93.221542 | P218: =Data!P219 -> 0.7345 | Q218: =Data!R218 -> -1 | R218: =Data!Q218 -> -0.15 | S218: =P218*F218 -> 0
A219: =Data!A219 -> 201403 | B219: 80450 | C219: =Data!F219 -> 3831 | D219: =IF(Data!D219="Mauritius", 1, 0) -> 0 | E219: =IF(Regression!A219>201500, 1, 0) -> 0 | F219: =D219*E219 -> 0 | G219: =Data!J219 -> 0.00024457687 | H219: =F219*G219 -> 0 | I219: =Data!H219 -> 0.29469231 | J219: =Data!I219 -> 1.0285753 | K219: =(I219*G219)+(J219*(1-G219)) -> 1.0283958 | L219: =Data!N219 -> -0.054103371 | M219: =Data!L219 -> 742.8 | N219: =Data!M219 -> 0.24186046 | O219: =Data!O219 -> 119.83855 | P219: =Data!P220 -> 0.6005 | Q219: =Data!R219 -> -1 | R219: =Data!Q219 -> -0.15 | S219: =P219*F219 -> 0
A220: =Data!A220 -> 201402 | B220: 80450 | C220: =Data!F220 -> 3989 | D220: =IF(Data!D220="Mauritius", 1, 0) -> 0 | E220: =IF(Regression!A220>201500, 1, 0) -> 0 | F220: =D220*E220 -> 0 | G220: =Data!J220 -> 0.00039034531 | H220: =F220*G220 -> 0 | I220: =Data!H220 -> 1.5295245 | J220: =Data!I220 -> 0.60055219 | K220: =(I220*G220)+(J220*(1-G220)) -> 0.60091481 | L220: =Data!N220 -> -0.67985098 | M220: =Data!L220 -> 742.8 | N220: =Data!M220 -> 0.10369141 | O220: =Data!O220 -> 69.003525 | P220: =Data!P221 -> 0.8256 | Q220: =Data!R220 -> -1 | R220: =Data!Q220 -> -0.15 | S220: =P220*F220 -> 0
A221: =Data!A221 -> 201401 | B221: 80450 | C221: =Data!F221 -> 5955 | D221: =IF(Data!D221="Mauritius", 1, 0) -> 0 | E221: =IF(Regression!A221>201500, 1, 0) -> 0 | F221: =D221*E221 -> 0 | G221: =Data!J221 -> 0.00057933054 | H221: =F221*G221 -> 0 | I221: =Data!H221 -> 0.83873239 | J221: =Data!I221 -> 0.86024088 | K221: =(I221*G221)+(J221*(1-G221)) -> 0.86022842 | L221: =Data!N221 -> -0.25694749 | M221: =Data!L221 -> 742.8 | N221: =Data!M221 -> 0.094265513 | O221: =Data!O221 -> 77.91597 | P221: =Data!P221 -> 0.8256 | Q221: =Data!R221 -> -1 | R221: =Data!Q221 -> -0.15 | S221: =P221*F221 -> 0
A222: =Data!A222 -> 201312 | B222: 80450 | C222: =Data!F222 -> 4733 | D222: =IF(Data!D222="Mauritius", 1, 0) -> 0 | E222: =IF(Regression!A222>201500, 1, 0) -> 0 | F222: =D222*E222 -> 0 | G222: =Data!J222 -> 0.00038830061 | H222: =F222*G222 -> 0 | I222: =Data!H222 -> 1.028913 | J222: =Data!I222 -> 0.40964269 | K222: =(I222*G222)+(J222*(1-G222)) -> 0.40988315 | L222: =Data!N222 -> 0.68456787 | M222: =Data!L222 -> 713.7 | N222: =Data!M222 -> 0.07910075 | O222: =Data!O222 -> 70.37249 | P222: =Data!P222 -> 0.8723 | Q222: =Data!R222 -> -1.23 | R222: =Data!Q222 -> -0.05 | S222: =P222*F222 -> 0
A223: =Data!A223 -> 201311 | B223: 80450 | C223: =Data!F223 -> 842 | D223: =IF(Data!D223="Mauritius", 1, 0) -> 0 | E223: =IF(Regression!A223>201500, 1, 0) -> 0 | F223: =D223*E223 -> 0 | G223: =Data!J223 -> 7.2968885e-05 | H223: =F223*G223 -> 0 | I223: =Data!H223 -> 0.842 | J223: =Data!I223 -> 0.93066946 | K223: =(I223*G223)+(J223*(1-G223)) -> 0.93066299 | L223: =Data!N223 -> -0.56183304 | M223: =Data!L223 -> 713.7 | N223: =Data!M223 -> 0.15906079 | O223: =Data!O223 -> 77.779022 | P223: =Data!P223 -> 0.1806 | Q223: =Data!R223 -> -1.23 | R223: =Data!Q223 -> -0.05 | S223: =P223*F223 -> 0
A224: =Data!A224 -> 201310 | B224: 80450 | C224: =Data!F224 -> 13773 | D224: =IF(Data!D224="Mauritius", 1, 0) -> 0 | E224: =IF(Regression!A224>201500, 1, 0) -> 0 | F224: =D224*E224 -> 0 | G224: =Data!J224 -> 0.0010788508 | H224: =F224*G224 -> 0 | I224: =Data!H224 -> 1.938494 | J224: =Data!I224 -> 0.87947279 | K224: =(I224*G224)+(J224*(1-G224)) -> 0.88061532 | L224: =Data!N224 -> 0.41644318 | M224: =Data!L224 -> 713.7 | N224: =Data!M224 -> 0.12658685 | O224: =Data!O224 -> 72.953117 | P224: =Data!P224 -> 0.7459 | Q224: =Data!R224 -> -1.23 | R224: =Data!Q224 -> -0.05 | S224: =P224*F224 -> 0
A225: =Data!A225 -> 201309 | B225: 80450 | C225: =Data!F225 -> 7998 | D225: =IF(Data!D225="Mauritius", 1, 0) -> 0 | E225: =IF(Regression!A225>201500, 1, 0) -> 0 | F225: =D225*E225 -> 0 | G225: =Data!J225 -> 0.00056417959 | H225: =F225*G225 -> 0 | I225: =Data!H225 -> 1.66625 | J225: =Data!I225 -> 0.86075427 | K225: =(I225*G225)+(J225*(1-G225)) -> 0.86120871 | L225: =Data!N225 -> -0.009487677 | M225: =Data!L225 -> 713.7 | N225: =Data!M225 -> 0.12699145 | O225: =Data!O225 -> 100.45933 | P225: =Data!P225 -> 0.2192 | Q225: =Data!R225 -> -1.23 | R225: =Data!Q225 -> -0.05 | S225: =P225*F225 -> 0
A226: =Data!A226 -> 201308 | B226: 80450 | C226: =Data!F226 -> 736 | D226: =IF(Data!D226="Mauritius", 1, 0) -> 0 | E226: =IF(Regression!A226>201500, 1, 0) -> 0 | F226: =D226*E226 -> 0 | G226: =Data!J226 -> 3.8715432e-05 | H226: =F226*G226 -> 0 | I226: =Data!H226 -> 0.736 | J226: =Data!I226 -> 0.85938476 | K226: =(I226*G226)+(J226*(1-G226)) -> 0.85937998 | L226: =Data!N226 -> -0.5536053 | M226: =Data!L226 -> 713.7 | N226: =Data!M226 -> 0.17600918 | O226: =Data!O226 -> 90.956749 | P226: =Data!P226 -> 0.0201 | Q226: =Data!R226 -> -1.23 | R226: =Data!Q226 -> -0.05 | S226: =P226*F226 -> 0
A227: =Data!A227 -> 201307 | B227: 80450 | C227: =Data!F227 -> 4142 | D227: =IF(Data!D227="Mauritius", 1, 0) -> 0 | E227: =IF(Regression!A227>201500, 1, 0) -> 0 | F227: =D227*E227 -> 0 | G227: =Data!J227 -> 0.00020207941 | H227: =F227*G227 -> 0 | I227: =Data!H227 -> 0.29169014 | J227: =Data!I227 -> 0.58904519 | K227: =(I227*G227)+(J227*(1-G227)) -> 0.5889851 | L227: =Data!N227 -> 0.1099218 | M227: =Data!L227 -> 713.7 | N227: =Data!M227 -> 0.078542255 | O227: =Data!O227 -> 73.975815 | P227: =Data!P227 -> 0.7496 | Q227: =Data!R227 -> -1.23 | R227: =Data!Q227 -> -0.05 | S227: =P227*F227 -> 0
A228: =Data!A228 -> 201306 | B228: 80450 | C228: =Data!F228 -> 52895 | D228: =IF(Data!D228="Mauritius", 1, 0) -> 0 | E228: =IF(Regression!A228>201500, 1, 0) -> 0 | F228: =D228*E228 -> 0 | G228: =Data!J228 -> 0.0032872427 | H228: =F228*G228 -> 0 | I228: =Data!H228 -> 0.97953704 | J228: =Data!I228 -> 0.81351639 | K228: =(I228*G228)+(J228*(1-G228)) -> 0.81406214 | L228: =Data!N228 -> -0.55801447 | M228: =Data!L228 -> 713.7 | N228: =Data!M228 -> 0.11796492 | O228: =Data!O228 -> 82.973007 | P228: =Data!P228 -> 1 | Q228: =Data!R228 -> -1.23 | R228: =Data!Q228 -> -0.05 | S228: =P228*F228 -> 0
A229: =Data!A229 -> 201305 | B229: 80450 | C229: =Data!F229 -> 16688 | D229: =IF(Data!D229="Mauritius", 1, 0) -> 0 | E229: =IF(Regression!A229>201500, 1, 0) -> 0 | F229: =D229*E229 -> 0 | G229: =Data!J229 -> 0.0006123399 | H229: =F229*G229 -> 0 | I229: =Data!H229 -> 0.99844442 | J229: =Data!I229 -> 1.3488334 | K229: =(I229*G229)+(J229*(1-G229)) -> 1.3486189 | L229: =Data!N229 -> -1.0210527 | M229: =Data!L229 -> 713.7 | N229: =Data!M229 -> 0.12266397 | O229: =Data!O229 -> 83.717316 | P229: =Data!P229 -> 0.9357 | Q229: =Data!R229 -> -1.23 | R229: =Data!Q229 -> -0.05 | S229: =P229*F229 -> 0
A230: =Data!A230 -> 201304 | B230: 80450 | C230: =Data!F230 -> 7831 | D230: =IF(Data!D230="Mauritius", 1, 0) -> 0 | E230: =IF(Regression!A230>201500, 1, 0) -> 0 | F230: =D230*E230 -> 0 | G230: =Data!J230 -> 0.00036561293 | H230: =F230*G230 -> 0 | I230: =Data!H230 -> 0.87011111 | J230: =Data!I230 -> 1.1071626 | K230: =(I230*G230)+(J230*(1-G230)) -> 1.1070759 | L230: =Data!N230 -> -0.30856577 | M230: =Data!L230 -> 713.7 | N230: =Data!M230 -> 0.1460018 | O230: =Data!O230 -> 95.107872 | P230: =Data!P230 -> 0.9926 | Q230: =Data!R230 -> -1.23 | R230: =Data!Q230 -> -0.05 | S230: =P230*F230 -> 0
A231: =Data!A231 -> 201303 | B231: 80450 | C231: =Data!F231 -> 30113 | D231: =IF(Data!D231="Mauritius", 1, 0) -> 0 | E231: =IF(Regression!A231>201500, 1, 0) -> 0 | F231: =D231*E231 -> 0 | G231: =Data!J231 -> 0.0018209455 | H231: =F231*G231 -> 0 | I231: =Data!H231 -> 0.74781464 | J231: =Data!I231 -> 0.8312215 | K231: =(I231*G231)+(J231*(1-G231)) -> 0.83106962 | L231: =Data!N231 -> -0.19831976 | M231: =Data!L231 -> 713.7 | N231: =Data!M231 -> 0.092192046 | O231: =Data!O231 -> 75.896721 | P231: =Data!P231 -> 0.9139 | Q231: =Data!R231 -> -1.23 | R231: =Data!Q231 -> -0.05 | S231: =P231*F231 -> 0
A232: =Data!A232 -> 201302 | B232: 80450 | C232: =Data!F232 -> 7905 | D232: =IF(Data!D232="Mauritius", 1, 0) -> 0 | E232: =IF(Regression!A232>201500, 1, 0) -> 0 | F232: =D232*E232 -> 0 | G232: =Data!J232 -> 0.00078954568 | H232: =F232*G232 -> 0 | I232: =Data!H232 -> 0.41605263 | J232: =Data!I232 -> 0.86039048 | K232: =(I232*G232)+(J232*(1-G232)) -> 0.86003966 | L232: =Data!N232 -> -0.52819726 | M232: =Data!L232 -> 713.7 | N232: =Data!M232 -> 0.11446615 | O232: =Data!O232 -> 81.590332 | P232: =Data!P232 -> 0.5567 | Q232: =Data!R232 -> -1.23 | R232: =Data!Q232 -> -0.05 | S232: =P232*F232 -> 0
A233: =Data!A233 -> 201301 | B233: 80450 | C233: =Data!F233 -> 39804 | D233: =IF(Data!D233="Mauritius", 1, 0) -> 0 | E233: =IF(Regression!A233>201500, 1, 0) -> 0 | F233: =D233*E233 -> 0 | G233: =Data!J233 -> 0.003955056 | H233: =F233*G233 -> 0 | I233: =Data!H233 -> 0.744 | J233: =Data!I233 -> 0.75990024 | K233: =(I233*G233)+(J233*(1-G233)) -> 0.75983735 | L233: =Data!N233 -> 0.35661919 | M233: =Data!L233 -> 713.7 | N233: =Data!M233 -> 0.11742688 | O233: =Data!O233 -> 90.657494 | P233: =Data!P233 -> 0.1538 | Q233: =Data!R233 -> -1.23 | R233: =Data!Q233 -> -0.05 | S233: =P233*F233 -> 0
